0.02,12001,-0.046,-3.443,0.141,2.356
0.43,12001,-0.077,-3.491,0.1,-1.571
0.84,12001,-0.069,-3.509,0.0,0.0
1.24,12001,-0.052,-3.504,0.1,0.0
1.65,12001,-0.043,-3.5,0.0,0.0
2.06,12001,-0.03,-3.502,0.1,0.0
2.47,12001,-0.023,-3.497,0.1,3.142
2.88,12001,-0.033,-3.488,0.1,0.0
3.29,12001,0.027,-3.489,0.3,0.0
3.7,12001,-0.054,-3.44,0.447,2.678
4.11,12001,-0.187,-3.332,0.361,2.159
4.52,12001,-0.215,-3.341,0.2,-1.571
4.92,12001,-0.193,-3.381,0.1,0.0
5.32,12001,-0.209,-3.382,0.1,1.571
5.73,12001,-0.195,-3.391,0.1,0.0
6.14,12001,-0.174,-3.401,0.0,0.0
6.54,12001,-0.188,-3.398,0.1,1.571
6.94,12001,-0.21,-3.381,0.0,0.0
7.35,12001,-0.194,-3.373,0.0,0.0
7.75,12001,-0.197,-3.318,0.224,1.107
8.15,12001,-0.16,-3.306,0.3,0.0
8.55,12001,-0.019,-3.359,0.447,-0.464
10.57,12002,0.108,-3.307,0.283,2.356
10.97,12002,0.086,-3.02,0.906,1.681
11.38,12002,0.111,-2.763,0.51,1.373
11.79,12002,0.259,-2.494,0.849,0.785
12.19,12002,0.36,-2.24,0.806,1.446
12.59,12002,0.472,-1.841,1.17,1.222
12.99,12002,0.711,-1.541,0.922,0.709
13.39,12002,0.909,-1.279,0.728,1.292
13.8,12002,0.992,-0.922,1.237,1.326
14.21,12002,1.111,-0.56,0.854,1.212
14.62,12002,1.293,-0.203,1.077,1.19
15.02,12002,1.382,0.222,1.105,1.48
15.42,12002,1.48,0.602,1.03,1.064
15.82,12002,1.678,1.008,1.077,1.19
16.23,12002,1.764,1.423,1.217,1.406
16.64,12002,1.886,1.853,1.077,1.19
17.05,12002,2.112,2.283,1.166,1.03
17.46,12002,2.276,2.717,1.265,1.249
17.87,12002,2.505,3.165,0.99,0.785
18.28,12002,2.804,3.573,1.304,1.004
18.69,12002,2.996,4.013,1.17,1.222
19.1,12002,3.181,4.478,1.082,0.983
19.51,12002,3.395,4.918,0.854,1.212
19.92,12002,3.512,5.432,1.414,1.429
20.33,12002,3.592,5.879,0.671,1.107
50.94,12003,5.862,3.116,0.99,-2.356
51.34,12003,5.546,2.898,1.03,-2.634
51.75,12003,5.064,2.769,1.17,-2.793
52.16,12003,4.696,2.537,1.14,-2.481
52.56,12003,4.285,2.306,1.077,-2.761
52.97,12003,3.812,2.142,1.14,-2.875
53.38,12003,3.483,1.893,1.063,-2.29
53.79,12003,3.176,1.575,0.943,-2.583
54.2,12003,2.858,1.309,1.063,-2.423
54.61,12003,2.705,0.968,1.005,-1.67
55.02,12003,2.698,0.501,0.825,-1.816
55.43,12003,2.53,0.136,1.253,-2.07
55.84,12003,2.366,-0.274,1.02,-1.768
56.25,12003,2.337,-0.689,0.906,-1.681
56.66,12003,2.174,-1.058,1.082,-2.159
57.06,12003,1.915,-1.391,1.03,-2.078
57.47,12003,1.757,-1.725,0.854,-1.93
57.88,12003,1.623,-1.981,0.361,-2.554
58.29,12003,1.383,-2.134,0.671,-2.678
58.7,12003,1.173,-2.301,0.361,-2.159
67.18,12004,1.077,-2.445,0.361,2.159
67.59,12004,1.004,-2.345,0.361,2.554
68.0,12004,0.951,-2.233,0.5,0.644
68.4,12004,1.056,-2.163,0.4,1.571
68.81,12004,1.216,-1.946,0.854,1.212
69.22,12004,1.279,-1.671,0.6,1.571
69.62,12004,1.181,-1.413,0.86,2.191
70.03,12004,0.976,-1.165,0.721,2.159
70.43,12004,0.808,-0.909,0.894,2.034
70.84,12004,0.601,-0.584,0.922,2.433
71.25,12004,0.262,-0.375,0.854,2.783
71.65,12004,0.041,-0.12,0.825,1.816
72.06,12004,0.005,0.252,0.806,1.695
72.47,12004,-0.062,0.567,0.906,1.681
72.87,12004,-0.056,0.947,0.894,1.107
73.28,12004,0.194,1.176,0.949,0.322
73.68,12004,0.46,1.344,0.721,0.983
74.09,12004,0.669,1.693,1.208,1.144
74.5,12004,0.882,2.004,0.781,0.695
74.9,12004,1.192,2.216,0.894,0.464
75.31,12004,1.439,2.524,1.0,0.927
75.72,12004,1.652,2.885,1.063,0.852
76.12,12004,1.933,3.12,0.922,0.709
76.53,12004,2.194,3.399,0.762,1.166
76.93,12004,2.287,3.755,0.51,1.373
77.34,12004,2.459,3.978,0.64,0.896
77.75,12004,2.686,4.222,0.806,1.052
78.15,12004,2.791,4.569,1.217,1.406
78.56,12004,2.918,4.999,1.14,0.91
78.97,12004,3.186,5.369,1.14,0.91
79.37,12004,3.33,5.692,0.922,1.352
79.78,12004,3.383,6.062,0.906,1.46
80.18,12004,3.572,6.428,1.03,1.064
80.59,12004,3.808,6.788,1.077,1.19
81.0,12004,3.931,7.138,1.208,1.144
105.75,12005,5.735,3.296,1.077,-2.761
106.15,12005,5.312,3.147,1.14,-2.875
106.56,12005,4.909,2.853,1.345,-2.409
106.97,12005,4.506,2.56,1.17,-2.793
107.37,12005,4.087,2.342,0.985,-2.723
107.78,12005,3.748,1.996,1.36,-2.2
108.18,12005,3.476,1.596,1.082,-2.554
108.59,12005,3.111,1.269,1.36,-2.513
109.0,12005,2.773,0.875,1.304,-2.138
109.4,12005,2.476,0.424,1.204,-2.415
109.81,12005,2.094,0.152,1.304,-2.575
110.22,12005,1.823,-0.139,0.854,-1.93
110.62,12005,1.638,-0.528,1.082,-2.159
111.03,12005,1.377,-0.8,0.922,-2.279
111.43,12005,1.059,-1.08,1.0,-2.214
111.84,12005,0.731,-1.445,1.221,-2.182
112.25,12005,0.373,-1.567,0.949,-2.82
112.65,12005,0.0,-1.621,0.949,-2.82
113.06,12005,-0.316,-1.79,1.03,-2.634
113.47,12005,-0.662,-1.953,1.02,-2.944
113.87,12005,-1.078,-2.065,1.02,-2.944
114.28,12005,-1.428,-2.296,1.063,-2.29
114.68,12005,-1.727,-2.582,0.943,-2.583
115.09,12005,-2.064,-2.832,1.221,-2.531
115.5,12005,-2.36,-3.114,1.0,-2.214
115.9,12005,-2.519,-3.474,0.894,-2.034
116.31,12005,-2.765,-3.751,0.99,-2.356
116.72,12005,-3.03,-4.016,1.204,-2.297
117.12,12005,-3.162,-4.303,0.728,-1.849
117.53,12005,-3.297,-4.515,0.424,-2.356
117.93,12005,-3.483,-4.577,0.4,3.142
118.34,12005,-3.669,-4.578,0.412,-2.897
118.75,12005,-3.729,-4.611,0.2,0.0
119.15,12005,-3.704,-4.609,0.0,0.0
119.56,12005,-3.672,-4.555,0.316,1.249
119.97,12005,-3.642,-4.558,0.1,0.0
120.37,12005,-3.638,-4.557,0.0,0.0
120.78,12005,-3.646,-4.564,0.1,-1.571
121.18,12005,-3.661,-4.593,0.1,-1.571
121.59,12005,-3.661,-4.603,0.0,0.0
122.0,12005,-3.668,-4.6,0.0,0.0
122.4,12005,-3.691,-4.598,0.1,3.142
122.81,12005,-3.711,-4.598,0.0,0.0
123.22,12005,-3.727,-4.612,0.141,-2.356
123.62,12005,-3.726,-4.61,0.1,0.0
124.03,12005,-3.761,-4.611,0.1,3.142
124.43,12005,-3.774,-4.616,0.1,3.142
124.84,12005,-3.805,-4.638,0.1,0.0
125.25,12005,-3.77,-4.639,0.316,0.322
125.65,12005,-3.685,-4.634,0.2,0.0
126.06,12005,-3.643,-4.691,0.141,-0.785
126.47,12005,-3.662,-4.793,0.361,-2.159
126.87,12005,-3.761,-4.907,0.447,-2.678
127.28,12005,-3.924,-4.993,0.224,-2.678
127.68,12005,-3.866,-4.924,0.3,0.0
128.08,12005,-3.807,-4.987,0.2,-1.571
128.49,12005,-3.797,-5.028,0.1,-1.571
128.9,12005,-3.87,-5.083,0.224,2.678
129.3,12005,-3.978,-4.93,0.447,2.034
142.5,12006,-4.604,-4.593,0.707,0.785
142.58,12007,-4.595,-4.582,3.801,0.954
142.99,12007,-4.312,-4.358,0.922,0.709
143.4,12007,-4.065,-4.132,0.707,0.785
143.8,12007,-3.859,-3.948,0.539,0.381
144.21,12007,-3.604,-3.915,0.608,-0.165
144.61,12007,-3.392,-3.894,0.5,0.644
145.02,12007,-3.185,-3.693,0.806,1.052
145.43,12007,-3.059,-3.449,0.721,0.588
145.83,12007,-2.861,-3.401,0.361,-0.588
146.24,12007,-2.687,-3.412,0.51,0.197
146.65,12007,-2.484,-3.28,0.943,0.559
147.05,12007,-2.199,-3.087,0.632,0.322
147.46,12007,-1.902,-3.017,0.922,0.219
147.86,12007,-1.605,-2.905,0.721,0.588
148.27,12007,-1.342,-2.639,0.849,0.785
148.68,12007,-1.052,-2.457,0.894,0.464
149.08,12007,-0.724,-2.314,0.943,0.559
149.49,12007,-0.463,-2.05,1.082,0.983
149.9,12007,-0.206,-1.766,0.86,0.62
150.3,12007,0.096,-1.55,0.894,0.464
150.71,12007,0.317,-1.306,0.894,1.107
151.11,12007,0.419,-0.966,0.854,1.212
151.52,12007,0.608,-0.689,0.99,0.785
151.93,12007,0.869,-0.437,0.86,0.951
152.33,12007,1.096,-0.093,1.166,1.03
152.74,12007,1.382,0.199,0.99,0.785
153.15,12007,1.698,0.547,1.063,0.852
153.55,12007,1.881,0.94,1.17,1.222
153.96,12007,2.126,1.324,1.063,0.852
154.36,12007,2.443,1.628,0.99,0.785
154.77,12007,2.711,1.98,1.221,0.96
155.18,12007,2.995,2.269,0.894,0.464
155.58,12007,3.36,2.493,1.082,0.588
155.99,12007,3.687,2.791,1.204,0.727
156.4,12007,4.016,3.096,0.943,0.559
156.8,12007,4.39,3.298,1.208,0.427
157.21,12007,4.712,3.527,0.849,0.785
157.61,12007,5.014,3.799,0.922,0.709
158.02,12007,5.405,3.964,1.237,0.245
192.81,12008,4.383,7.549,0.906,-1.681
193.21,12008,4.274,7.176,0.707,-1.713
193.61,12008,4.26,6.817,1.2,-1.571
194.02,12008,4.172,6.416,0.943,-2.129
194.43,12008,3.891,6.101,1.204,-2.297
194.83,12008,3.711,5.789,1.077,-1.951
195.24,12008,3.558,5.399,1.14,-1.837
195.65,12008,3.373,5.069,1.082,-2.159
196.05,12008,3.156,4.737,0.806,-2.09
196.46,12008,2.885,4.373,1.063,-2.29
196.86,12008,2.544,4.128,1.03,-2.634
197.27,12008,2.208,3.86,0.943,-2.129
197.68,12008,2.044,3.493,0.825,-1.816
198.08,12008,1.885,3.168,1.077,-1.951
198.49,12008,1.725,2.736,1.02,-1.768
198.9,12008,1.732,2.325,1.005,-1.471
199.3,12008,1.766,1.951,0.825,-1.816
199.71,12008,1.717,1.55,0.806,-2.09
200.11,12008,1.762,1.215,0.806,-1.446
200.52,12008,1.879,0.882,1.118,-1.391
200.93,12008,1.78,0.483,1.17,-1.92
201.33,12008,1.572,0.166,0.806,-2.09
201.74,12008,1.473,-0.099,0.6,-1.571
202.15,12008,1.534,-0.345,0.5,-1.571
202.55,12008,1.379,-0.645,1.131,-2.356
202.96,12008,1.18,-0.992,0.825,-1.816
203.36,12008,1.15,-1.36,0.7,-1.571
203.77,12008,0.962,-1.784,1.0,-2.214
204.18,12008,0.732,-2.127,1.118,-1.751
204.58,12008,0.681,-2.401,0.7,-1.571
213.26,12009,0.113,-3.286,0.762,-2.737
213.66,12009,-0.148,-3.411,0.539,-2.761
214.06,12009,-0.299,-3.524,0.583,-2.111
214.46,12009,-0.387,-3.819,0.854,-1.93
214.86,12009,-0.541,-4.097,0.849,-2.356
215.27,12009,-0.883,-4.269,0.949,-2.82
215.68,12009,-1.183,-4.53,0.922,-2.279
216.08,12009,-1.485,-4.822,1.166,-2.601
216.49,12009,-1.897,-4.961,1.118,-2.962
216.9,12009,-2.272,-5.129,0.943,-2.583
217.3,12009,-2.639,-5.386,1.221,-2.531
217.71,12009,-3.02,-5.524,1.02,-2.944
218.11,12009,-3.481,-5.588,3.471,1.368
228.08,12010,-4.062,-4.33,0.204,1.151
228.49,12010,-3.83,-3.995,1.14,0.91
228.9,12010,-3.545,-3.535,1.3,1.176
229.3,12010,-3.43,-3.053,1.414,1.429
229.71,12010,-3.312,-2.581,1.077,1.19
230.11,12010,-3.102,-2.117,1.208,1.144
230.52,12010,-2.974,-1.621,1.36,1.272
230.93,12010,-2.796,-1.143,1.166,1.03
231.33,12010,-2.545,-0.725,1.342,1.107
231.74,12010,-2.341,-0.235,1.342,1.107
232.15,12010,-2.08,0.229,1.221,0.96
232.55,12010,-1.774,0.622,1.36,0.942
232.96,12010,-1.519,1.085,1.304,1.004
233.36,12010,-1.266,1.448,0.922,0.709
233.77,12010,-0.905,1.749,1.14,0.661
234.18,12010,-0.592,2.081,1.204,0.844
234.58,12010,-0.212,2.398,1.077,0.381
234.99,12010,0.226,2.613,1.208,0.427
235.4,12010,0.587,2.93,1.273,0.785
235.8,12010,0.976,3.245,1.118,0.464
236.21,12010,1.416,3.483,1.03,0.507
236.61,12010,1.764,3.789,1.204,0.844
237.02,12010,2.082,4.108,1.082,0.588
237.43,12010,2.478,4.343,1.03,0.507
237.83,12010,2.794,4.598,1.063,0.852
238.24,12010,3.14,4.968,0.922,0.709
238.65,12010,3.478,5.19,1.166,0.54
239.05,12010,3.734,5.4,1.03,1.064
34.78,12011,5.081,4.461,1.14,-2.875
35.19,12011,4.672,4.307,1.36,-2.843
35.59,12011,4.188,4.254,1.304,-3.065
36.0,12011,3.7,4.204,1.237,-2.897
36.41,12011,3.197,4.061,1.17,-2.793
36.81,12011,2.729,3.961,1.204,-3.058
37.22,12011,2.226,3.896,1.237,-2.897
37.63,12011,1.716,3.744,1.118,-2.962
38.04,12011,1.216,3.725,1.204,3.058
38.45,12011,0.744,3.735,1.105,-3.051
42.05,12012,0.798,3.927,0.906,0.111
42.45,12012,1.213,3.947,1.14,0.266
42.86,12012,1.7,4.108,1.17,0.349
43.27,12012,2.203,4.125,1.315,-0.153
43.68,12012,2.733,4.12,1.304,0.077
44.09,12012,3.269,4.185,1.204,-0.083
44.5,12012,3.743,4.138,1.118,-0.18
44.91,12012,4.224,4.144,1.217,0.165
45.31,12012,4.669,4.101,1.118,-0.18
45.72,12012,5.051,3.994,0.906,-0.111
97.22,12013,0.729,3.788,0.949,-0.322
97.62,12013,1.081,3.661,1.0,0.0
98.03,12013,1.543,3.783,1.17,0.349
98.43,12013,1.969,3.848,1.2,0.0
98.84,12013,2.446,3.837,1.005,0.1
99.25,12013,2.904,3.945,1.02,0.197
99.65,12013,3.336,3.95,1.204,-0.083
100.06,12013,3.834,3.992,1.217,0.165
100.47,12013,4.337,4.119,1.315,0.153
100.87,12013,4.817,4.12,1.105,-0.091
101.28,12013,5.325,4.263,1.14,0.266
150.96,12014,0.86,4.131,1.077,0.381
151.36,12014,1.311,4.213,1.105,0.091
151.77,12014,1.764,4.351,1.253,0.499
152.18,12014,2.21,4.501,1.204,0.083
152.58,12014,2.677,4.491,1.2,0.0
152.99,12014,3.157,4.537,1.237,0.245
153.4,12014,3.643,4.556,1.304,-0.077
153.8,12014,4.153,4.499,1.334,0.227
154.21,12014,4.688,4.583,1.315,0.153
210.26,12015,0.836,4.012,0.9,0.0
210.66,12015,1.225,4.01,1.0,0.0
211.06,12015,1.645,4.078,1.14,0.266
211.46,12015,2.068,4.156,1.0,0.0
211.86,12015,2.493,4.097,1.105,-0.091
212.27,12015,2.961,4.152,1.334,0.227
212.68,12015,3.447,4.177,1.204,-0.083
213.08,12015,3.916,4.097,1.3,0.0
213.49,12015,4.432,4.172,1.14,0.266
213.9,12015,4.895,4.165,1.304,-0.077
214.3,12015,5.378,4.066,1.304,0.077
33.79,12017,-5.142,-4.354,0.671,0.464
34.2,12017,-4.894,-4.224,0.671,1.107
34.61,12017,-4.72,-3.932,1.063,0.852
35.02,12017,-4.454,-3.72,0.894,0.464
35.43,12017,-4.164,-3.471,1.063,0.852
35.84,12017,-3.913,-3.17,0.922,0.862
36.25,12017,-3.617,-2.925,0.86,0.62
36.66,12017,-3.356,-2.671,0.86,0.951
37.06,12017,-3.157,-2.337,0.86,0.951
37.47,12017,-2.924,-2.104,0.707,0.785
37.88,12017,-2.688,-1.832,1.166,1.03
38.29,12017,-2.495,-1.479,0.894,1.107
38.7,12017,-2.269,-1.192,0.922,0.862
39.11,12017,-2.011,-0.971,0.781,0.876
39.52,12017,-1.817,-0.653,0.894,1.107
39.93,12017,-1.597,-0.372,1.0,0.927
40.34,12017,-1.357,-0.068,0.985,1.153
40.75,12017,-1.189,0.308,0.985,1.153
41.16,12017,-0.977,0.634,0.86,0.951
41.56,12017,-0.747,0.93,1.03,1.064
41.97,12017,-0.543,1.294,0.985,1.153
42.38,12017,-0.287,1.585,0.99,0.785
42.79,12017,0.022,1.842,1.131,0.785
43.2,12017,0.303,2.163,0.99,0.785
43.61,12017,0.615,2.382,1.03,0.507
44.02,12017,0.96,2.584,0.922,0.709
44.43,12017,1.248,2.871,0.99,0.785
44.84,12017,1.554,3.089,0.943,0.559
45.25,12017,1.95,3.281,1.03,0.507
45.66,12017,2.329,3.481,0.985,0.418
46.06,12017,2.695,3.586,1.118,0.18
46.47,12017,3.077,3.678,0.985,0.418
46.88,12017,3.395,3.851,0.894,0.464
47.29,12017,3.727,3.985,0.854,0.359
47.7,12017,4.0,4.152,1.063,0.852
48.19,12017,4.304,4.363,0.465,0.64
48.59,12017,4.608,4.492,0.806,0.124
49.0,12017,4.931,4.619,0.894,0.464
49.41,12017,5.273,4.812,2.371,0.483
101.59,12018,4.27,7.546,4.614,-2.62
102.0,12018,4.012,7.246,1.118,-2.034
102.4,12018,3.739,6.928,1.14,-2.481
102.81,12018,3.355,6.616,1.281,-2.467
103.22,12018,3.038,6.265,1.063,-2.29
103.62,12018,2.707,5.985,1.432,-2.709
104.03,12018,2.245,5.637,1.281,-2.467
104.48,12018,1.942,5.286,1.012,-2.257
104.89,12018,1.585,4.943,1.0,-2.498
105.29,12018,1.296,4.705,0.922,-2.279
105.7,12018,1.057,4.384,1.14,-2.232
107.62,12019,-0.564,2.707,1.36,-2.2
108.03,12019,-0.835,2.251,1.253,-2.07
108.43,12019,-1.126,1.884,1.131,-2.356
108.84,12019,-1.433,1.534,1.166,-2.111
109.25,12019,-1.678,1.095,1.304,-2.138
109.65,12019,-1.992,0.725,1.273,-2.356
110.06,12019,-2.341,0.34,1.221,-2.182
110.47,12019,-2.614,-0.086,1.281,-2.246
110.87,12019,-2.955,-0.448,1.273,-2.356
111.28,12019,-3.249,-0.859,1.389,-2.099
111.68,12019,-3.547,-1.301,1.204,-2.297
112.09,12019,-3.849,-1.702,1.281,-2.246
112.5,12019,-4.087,-2.142,1.208,-1.997
113.66,12020,-4.755,-3.403,1.3,-1.966
114.06,12020,-4.96,-3.852,1.166,-2.111
114.47,12020,-5.215,-4.24,1.14,-2.232
125.98,12021,-4.953,-4.423,0.86,0.951
126.39,12021,-4.74,-4.072,1.082,0.983
126.79,12021,-4.444,-3.639,1.166,1.03
127.2,12021,-4.226,-3.228,0.985,1.153
127.61,12021,-4.061,-2.976,0.922,0.862
128.02,12021,-3.772,-2.698,1.131,0.785
128.43,12021,-3.489,-2.333,0.99,0.785
128.83,12021,-3.186,-2.051,1.0,0.644
129.24,12021,-2.876,-1.729,1.221,0.96
129.65,12021,-2.55,-1.405,1.0,0.644
130.05,12021,-2.198,-1.156,1.0,0.644
130.46,12021,-1.922,-0.821,1.082,0.983
130.86,12021,-1.625,-0.499,1.204,0.727
131.27,12021,-1.312,-0.19,1.131,0.785
131.68,12021,-1.013,0.164,1.063,0.852
132.08,12021,-0.724,0.448,1.063,0.719
132.49,12021,-0.363,0.706,1.131,0.785
132.9,12021,-0.041,1.036,1.204,0.727
133.3,12021,0.351,1.253,1.118,0.464
133.71,12021,0.776,1.455,1.082,0.588
134.11,12021,1.158,1.763,1.421,0.686
134.52,12021,1.609,1.984,1.17,0.349
134.93,12021,2.026,2.183,1.082,0.588
135.33,12021,2.405,2.431,1.082,0.588
135.74,12021,2.795,2.638,1.118,0.464
136.15,12021,3.146,2.85,1.14,0.661
136.55,12021,3.506,3.112,1.118,0.464
136.96,12021,3.92,3.31,1.118,0.464
137.36,12021,4.298,3.57,1.204,0.727
137.77,12021,4.698,3.844,1.253,0.499
138.18,12021,5.143,4.002,1.304,1.004
138.58,12021,5.525,4.103,1.118,0.464
162.96,12022,4.165,7.588,1.404,-1.642
163.4,12022,4.046,7.288,0.473,-2.25
163.8,12022,3.929,7.012,0.707,-2.356
164.21,12022,3.708,6.797,0.583,-2.601
164.61,12022,3.555,6.576,0.762,-1.976
165.02,12022,3.408,6.248,0.86,-2.191
165.43,12022,3.21,6.04,0.64,-2.467
165.83,12022,2.995,5.754,0.806,-2.09
166.24,12022,2.815,5.46,0.922,-2.279
166.65,12022,2.574,5.235,0.922,-2.433
167.05,12022,2.29,4.97,0.781,-2.266
167.46,12022,2.123,4.672,0.721,-2.159
167.86,12022,1.857,4.413,0.99,-2.356
168.27,12022,1.406,4.056,1.487,-2.404
168.68,12022,1.028,3.702,1.063,-2.423
169.08,12022,0.683,3.481,1.118,-2.678
169.49,12022,0.316,3.246,0.99,-2.356
169.9,12022,0.027,2.953,0.922,-2.279
170.3,12022,-0.283,2.697,1.14,-2.481
170.71,12022,-0.607,2.394,1.204,-2.297
171.11,12022,-0.847,2.05,1.0,-2.214
171.52,12022,-1.159,1.783,1.221,-2.531
171.93,12022,-1.458,1.485,1.0,-2.214
172.33,12022,-1.68,1.13,1.0,-2.214
172.74,12022,-1.943,0.824,1.063,-2.29
173.15,12022,-2.196,0.481,1.03,-2.078
173.55,12022,-2.373,0.079,1.077,-1.951
173.96,12022,-2.565,-0.268,1.03,-2.078
174.36,12022,-2.78,-0.633,1.077,-1.19
174.77,12022,-2.925,-0.995,1.077,-1.951
175.18,12022,-3.19,-1.33,1.131,-2.356
175.58,12022,-3.45,-1.634,0.806,-2.09
175.99,12022,-3.633,-1.996,0.985,-1.989
176.4,12022,-3.885,-2.318,1.221,-2.182
176.8,12022,-4.138,-2.691,0.943,-2.129
177.21,12022,-4.299,-3.08,0.985,-1.989
177.61,12022,-4.526,-3.414,1.063,-2.29
178.02,12022,-4.763,-3.752,1.03,-2.078
178.43,12022,-4.939,-4.135,1.077,-1.951
186.67,12023,-5.119,-4.402,1.082,0.983
187.07,12023,-4.948,-4.128,1.0,0.927
187.47,12023,-4.701,-3.825,1.0,0.927
187.87,12023,-4.506,-3.444,0.985,1.153
188.27,12023,-4.296,-3.118,1.063,0.852
188.68,12023,-4.011,-2.807,1.273,0.785
189.08,12023,-3.778,-2.431,1.166,1.03
189.49,12023,-3.508,-2.097,1.063,0.852
189.9,12023,-3.215,-1.802,1.063,0.852
190.3,12023,-2.972,-1.46,1.166,1.03
190.71,12023,-2.7,-1.118,1.063,0.852
191.11,12023,-2.425,-0.801,1.14,0.91
191.52,12023,-2.197,-0.417,1.082,0.983
191.93,12023,-1.926,-0.089,1.063,0.852
192.33,12023,-1.625,0.191,0.922,0.862
192.74,12023,-1.373,0.513,0.922,0.862
193.15,12023,-1.089,0.793,1.0,0.644
193.55,12023,-0.773,1.062,1.131,0.785
193.96,12023,-0.471,1.404,1.063,0.852
194.36,12023,-0.142,1.654,1.082,0.588
194.77,12023,0.229,1.911,1.131,0.785
195.18,12023,0.563,2.211,1.14,0.661
195.58,12023,0.91,2.421,1.077,0.381
195.99,12023,1.271,2.643,0.922,0.709
196.4,12023,1.583,2.878,0.985,0.418
196.8,12023,1.942,2.991,0.906,0.111
197.21,12023,2.195,3.106,2.6,2.747
197.61,12023,2.37,3.311,0.781,0.876
198.02,12023,2.536,3.477,0.5,0.644
198.43,12023,2.695,3.595,0.412,1.326
198.83,12023,2.672,3.837,0.707,1.713
199.24,12023,2.635,4.141,0.7,1.571
199.65,12023,2.698,4.483,1.044,1.279
200.05,12023,2.743,4.851,1.253,2.642
200.46,12023,2.834,5.247,0.806,1.052
200.86,12023,2.98,5.504,0.781,0.876
201.27,12023,3.148,5.801,0.894,1.107
201.68,12023,3.324,6.126,0.849,0.785
202.08,12023,3.546,6.431,0.922,0.709
202.49,12023,3.801,6.766,1.077,1.19
202.9,12023,3.946,7.17,0.985,1.153
203.3,12023,4.104,7.478,0.894,1.107
225.48,12024,-4.1,-5.182,0.741,-2.125
227.17,12024,4.971,4.539,8.3,0.82
227.57,12024,4.599,4.418,1.044,-2.85
227.97,12024,4.188,4.286,2.062,-2.459
228.37,12024,3.813,4.064,0.86,-2.521
228.77,12024,3.428,3.872,1.17,-2.793
229.18,12024,2.99,3.69,1.166,-2.601
229.58,12024,2.613,3.444,1.14,-2.481
229.99,12024,2.236,3.241,0.985,-2.723
230.4,12024,1.84,3.057,1.14,-2.481
230.8,12024,1.513,2.776,1.063,-2.423
231.21,12024,1.175,2.534,1.082,-2.554
231.61,12024,0.856,2.253,0.943,-2.129
232.02,12024,0.628,1.853,1.166,-2.111
232.43,12024,0.393,1.493,1.063,-2.29
232.83,12024,0.153,1.153,1.082,-2.159
233.24,12024,-0.148,0.722,1.421,-2.456
233.65,12024,-0.525,0.438,1.03,-2.634
234.05,12024,-0.856,0.129,1.204,-2.297
234.46,12024,-1.231,-0.176,1.204,-2.415
234.86,12024,-1.589,-0.499,1.273,-2.356
235.27,12024,-1.897,-0.902,1.36,-2.2
235.68,12024,-2.272,-1.252,1.082,-2.554
236.08,12024,-2.606,-1.54,1.063,-2.29
236.49,12024,-2.902,-1.906,1.14,-2.232
236.9,12024,-3.247,-2.217,1.204,-2.415
237.3,12024,-3.566,-2.53,1.082,-2.159
237.71,12024,-3.827,-2.891,0.99,-2.356
238.11,12024,-4.116,-3.19,1.063,-2.29
238.52,12024,-4.402,-3.541,1.118,-2.034
238.93,12024,-4.599,-3.98,1.389,-2.099
239.33,12024,-4.959,-4.395,1.421,-2.257
246.61,12025,-5.043,-4.103,0.094,1.43
247.02,12025,-4.71,-3.797,1.063,0.719
247.43,12025,-4.538,-3.414,1.14,1.305
248.13,12026,-4.259,-2.843,0.943,1.012
248.53,12026,-4.079,-2.498,1.077,1.19
248.93,12026,-3.918,-2.12,1.063,0.852
249.33,12026,-3.684,-1.867,0.99,0.785
249.74,12026,-3.423,-1.606,0.781,0.876
250.15,12026,-3.214,-1.436,0.6,0.0
250.55,12026,-3.001,-1.578,0.707,-0.785
250.96,12026,-2.74,-1.782,0.894,-0.464
251.36,12026,-2.397,-1.918,0.985,-0.418
251.77,12026,-2.024,-2.146,1.082,-0.588
252.18,12026,-1.655,-2.361,1.077,-0.381
252.58,12026,-1.246,-2.496,0.949,-0.322
252.99,12026,-0.896,-2.692,1.0,-0.644
253.4,12026,-0.569,-2.891,0.854,-0.359
253.8,12026,-0.264,-3.007,0.762,-0.405
254.21,12026,-0.028,-3.154,0.806,-0.519
0.02,12028,1.637,-3.023,0.141,2.356
49.93,12029,5.877,3.103,1.03,-2.634
50.34,12029,5.565,2.863,0.922,-2.433
50.75,12029,5.25,2.626,0.985,-2.723
51.16,12029,4.904,2.415,0.86,-2.521
51.56,12029,4.613,2.17,1.0,-2.498
51.97,12029,4.305,1.953,0.943,-2.583
52.38,12029,3.962,1.732,0.922,-2.433
52.79,12029,3.672,1.475,0.922,-2.433
53.2,12029,3.339,1.267,0.985,-2.723
53.61,12029,3.032,1.068,0.849,-2.356
54.02,12029,2.791,0.784,0.922,-2.279
54.43,12029,2.493,0.5,1.131,-2.356
54.84,12029,2.231,0.194,0.943,-2.129
55.25,12029,1.998,-0.144,0.922,-2.279
55.66,12029,1.705,-0.418,1.063,-2.423
56.06,12029,1.48,-0.69,0.806,-2.09
56.47,12029,1.284,-1.024,1.0,-2.214
56.88,12029,1.043,-1.307,0.86,-2.191
57.29,12029,0.903,-1.632,0.825,-1.816
57.7,12029,0.852,-1.98,0.825,-1.816
58.11,12029,0.754,-2.267,0.806,-2.09
58.52,12029,0.661,-2.509,0.5,-1.571
68.99,12030,0.592,-2.583,0.7,1.571
69.39,12030,0.619,-2.304,0.728,1.292
69.79,12030,0.735,-2.023,0.721,0.983
70.2,12030,0.828,-1.753,0.762,1.166
70.61,12030,0.936,-1.492,0.721,0.983
71.01,12030,1.113,-1.24,0.721,0.983
71.42,12030,1.218,-0.919,1.005,1.471
71.83,12030,1.3,-0.565,0.806,1.052
72.23,12030,1.436,-0.209,0.825,1.326
72.64,12030,1.469,0.169,0.906,1.681
73.04,12030,1.478,0.539,0.825,1.326
73.45,12030,1.591,0.897,0.825,1.326
73.86,12030,1.634,1.254,1.005,1.471
74.26,12030,1.713,1.566,0.671,1.107
74.67,12030,1.902,1.818,0.721,0.983
75.08,12030,2.068,2.091,0.806,1.052
75.48,12030,2.206,2.367,0.721,0.983
75.89,12030,2.382,2.674,0.943,1.012
76.29,12030,2.603,2.909,0.806,1.052
76.7,12030,2.837,3.163,1.063,0.852
77.11,12030,3.045,3.46,0.949,1.249
77.51,12030,3.132,3.837,0.894,1.107
77.92,12030,3.34,4.16,1.082,0.983
78.33,12030,3.56,4.529,0.949,1.249
78.73,12030,3.69,4.903,1.077,1.19
79.14,12030,3.877,5.267,1.118,1.107
79.54,12030,4.006,5.624,0.825,1.326
79.95,12030,4.108,6.012,0.894,1.107
80.36,12030,4.304,6.355,0.943,1.012
80.76,12030,4.432,6.7,0.922,1.352
81.17,12030,4.503,7.071,0.949,1.249
105.1,12031,5.975,3.018,1.204,-2.415
105.5,12031,5.591,2.749,1.118,-2.678
105.9,12031,5.19,2.569,0.985,-2.723
106.31,12031,4.834,2.284,1.273,-2.356
106.72,12031,4.477,1.995,1.0,-2.498
107.12,12031,4.114,1.688,1.14,-2.232
107.53,12031,3.819,1.315,1.204,-2.297
107.93,12031,3.518,1.01,1.063,-2.29
108.34,12031,3.244,0.623,1.389,-2.099
108.75,12031,3.02,0.249,0.99,-2.356
109.15,12031,2.727,-0.013,0.849,-2.356
109.56,12031,2.483,-0.345,1.14,-2.232
109.97,12031,2.231,-0.675,0.922,-2.279
110.37,12031,1.942,-0.984,1.0,-2.214
110.78,12031,1.684,-1.316,0.922,-2.279
111.18,12031,1.396,-1.565,0.922,-2.433
111.59,12031,1.043,-1.803,1.063,-2.423
112.0,12031,0.708,-2.063,1.0,-2.498
112.4,12031,0.354,-2.266,1.03,-2.634
112.81,12031,0.029,-2.496,0.922,-2.433
113.22,12031,-0.309,-2.737,1.03,-2.634
113.62,12031,-0.687,-2.935,1.03,-2.634
114.03,12031,-1.015,-3.22,1.063,-2.29
114.43,12031,-1.335,-3.477,1.082,-2.554
114.84,12031,-1.674,-3.749,1.063,-2.29
115.25,12031,-1.952,-4.066,0.99,-2.356
115.65,12031,-2.259,-4.307,1.0,-2.498
116.06,12031,-2.551,-4.546,0.707,-2.356
116.47,12031,-2.802,-4.753,0.806,-2.622
116.87,12031,-3.066,-4.878,0.583,-2.601
117.28,12031,-3.284,-5.025,0.566,-2.356
117.68,12031,-3.432,-5.141,0.224,-2.678
118.09,12031,-3.487,-5.183,0.1,3.142
118.5,12031,-3.496,-5.199,0.0,0.0
118.9,12031,-3.491,-5.221,0.0,0.0
119.31,12031,-3.484,-5.228,0.0,0.0
119.72,12031,-3.48,-5.223,0.1,1.571
120.12,12031,-3.479,-5.21,0.0,0.0
120.53,12031,-3.484,-5.2,0.1,1.571
120.93,12031,-3.491,-5.19,0.1,1.571
121.34,12031,-3.501,-5.186,0.0,0.0
121.75,12031,-3.503,-5.178,0.0,0.0
122.15,12031,-3.505,-5.174,0.0,0.0
122.56,12031,-3.504,-5.174,0.0,0.0
122.97,12031,-3.497,-5.176,0.0,0.0
123.37,12031,-3.497,-5.182,0.0,0.0
123.78,12031,-3.496,-5.184,0.0,0.0
124.18,12031,-3.494,-5.179,0.0,0.0
124.59,12031,-3.491,-5.179,0.0,0.0
125.0,12031,-3.485,-5.177,0.0,0.0
125.4,12031,-3.492,-5.221,0.224,-2.034
125.81,12031,-3.436,-5.416,0.5,-1.571
126.22,12031,-3.461,-5.583,0.316,-1.893
126.62,12031,-3.535,-5.609,0.2,3.142
127.03,12031,-3.604,-5.632,0.0,0.0
127.43,12031,-3.61,-5.665,0.1,1.571
127.84,12031,-3.61,-5.681,0.0,0.0
128.24,12031,-3.6,-5.676,0.1,-1.571
128.65,12031,-3.597,-5.701,0.2,-1.571
129.05,12031,-3.595,-5.714,0.0,0.0
129.46,12031,-3.584,-5.719,0.0,0.0
129.86,12031,-3.583,-5.709,0.0,0.0
130.27,12031,-3.593,-5.702,0.0,0.0
130.68,12031,-3.623,-5.709,0.141,-2.356
140.88,12032,-3.506,-5.888,0.51,0.197
141.28,12032,-3.226,-5.833,0.762,0.405
141.68,12032,-3.032,-5.71,0.64,0.675
142.08,12032,-2.856,-5.502,0.922,0.862
142.49,12032,-2.602,-5.305,0.64,0.675
142.9,12032,-2.417,-5.166,0.361,0.983
143.3,12032,-2.3,-5.037,0.5,0.644
143.71,12032,-2.119,-4.896,0.64,0.675
144.11,12032,-1.958,-4.732,0.424,0.785
144.52,12032,-1.884,-4.618,0.2,1.571
144.93,12032,-1.807,-4.49,0.424,0.785
145.33,12032,-1.582,-4.327,0.721,0.588
145.74,12032,-1.311,-4.161,0.781,0.695
146.15,12032,-1.058,-3.984,0.671,0.464
146.55,12032,-0.777,-3.84,0.806,0.519
146.96,12032,-0.507,-3.638,0.781,0.695
147.36,12032,-0.252,-3.43,0.721,0.588
147.77,12032,0.05,-3.259,0.943,0.559
149.24,12033,1.035,-2.449,0.86,0.951
149.65,12033,1.188,-2.146,0.762,1.166
150.05,12033,1.298,-1.887,0.762,1.166
150.46,12033,1.468,-1.584,0.854,1.212
150.86,12033,1.626,-1.238,0.894,1.107
151.27,12033,1.839,-0.893,1.082,0.983
151.68,12033,1.989,-0.522,1.14,1.305
152.08,12033,2.131,-0.181,0.721,0.983
152.49,12033,2.385,0.061,0.721,0.588
152.9,12033,2.635,0.297,0.922,0.862
153.3,12033,2.893,0.542,0.86,0.62
153.71,12033,3.204,0.751,0.849,0.785
154.11,12033,3.44,1.01,1.0,0.927
154.52,12033,3.705,1.276,0.922,0.709
154.93,12033,3.985,1.507,0.849,0.785
155.33,12033,4.214,1.793,1.082,0.983
155.74,12033,4.458,2.087,0.922,0.862
156.15,12033,4.724,2.368,0.762,1.166
156.55,12033,4.962,2.654,0.922,0.862
156.96,12033,5.263,2.881,1.03,0.507
157.36,12033,5.566,3.086,0.922,0.862
195.76,12034,4.471,7.05,0.107,2.156
196.16,12034,4.505,6.63,1.2,-1.571
196.56,12034,4.484,6.203,0.922,-1.789
196.96,12034,4.37,5.91,0.854,-1.93
197.36,12034,4.267,5.601,0.8,-1.571
197.77,12034,4.249,5.251,0.728,-1.849
198.18,12034,4.108,4.965,0.721,-2.159
198.58,12034,4.002,4.699,0.825,-1.816
198.99,12034,3.967,4.357,0.906,-1.681
199.4,12034,3.933,4.011,1.005,-1.67
199.8,12034,3.904,3.653,0.7,-1.571
200.21,12034,3.889,3.406,0.632,-1.893
200.61,12034,3.747,3.148,1.0,-2.214
201.02,12034,3.607,2.822,0.949,-1.893
201.43,12034,3.483,2.435,0.943,-2.129
201.83,12034,3.311,2.075,0.894,-2.034
202.24,12034,3.17,1.663,1.077,-1.951
202.65,12034,3.012,1.319,0.943,-2.129
203.05,12034,2.811,1.035,0.762,-1.976
203.46,12034,2.626,0.683,0.707,-1.713
203.86,12034,2.47,0.384,0.922,-2.279
204.27,12034,2.271,0.1,0.806,-2.09
204.68,12034,2.107,-0.237,0.943,-2.129
205.08,12034,1.903,-0.574,0.894,-2.034
205.49,12034,1.769,-0.922,0.949,-1.893
205.9,12034,1.683,-1.286,0.806,-1.695
206.3,12034,1.595,-1.623,0.806,-1.695
206.71,12034,1.583,-1.931,0.5,-1.571
207.11,12034,1.492,-2.109,0.566,-2.356
207.52,12034,1.34,-2.232,0.361,-2.159
207.93,12034,1.275,-2.393,0.51,-1.768
214.6,12035,0.252,-2.913,0.806,-2.622
215.0,12035,0.001,-3.16,1.0,-2.214
215.4,12035,-0.215,-3.385,0.849,-2.356
215.8,12035,-0.471,-3.607,0.922,-2.433
216.21,12035,-0.726,-3.9,1.0,-2.214
216.61,12035,-1.005,-4.153,0.922,-2.433
217.02,12035,-1.364,-4.41,1.14,-2.481
217.43,12035,-1.731,-4.672,0.985,-2.723
217.83,12035,-2.159,-4.815,1.237,-2.897
218.24,12035,-2.574,-4.965,1.03,-2.634
218.65,12035,-2.988,-5.14,1.118,-2.962
219.05,12035,-3.393,-5.259,0.854,-2.783
219.46,12035,-3.686,-5.394,0.86,-2.521
219.86,12035,-3.961,-5.511,0.728,-2.863
225.28,12036,-4.197,-5.338,0.781,0.695
225.68,12036,-3.911,-5.052,1.03,1.064
226.08,12036,-3.747,-4.679,1.077,1.19
226.49,12036,-3.582,-4.307,1.03,1.064
226.9,12036,-3.414,-3.916,1.044,1.279
227.3,12036,-3.323,-3.52,1.02,1.373
227.71,12036,-3.121,-3.115,1.166,1.03
228.11,12036,-2.977,-2.702,1.118,1.391
228.52,12036,-2.863,-2.259,0.985,1.153
228.93,12036,-2.697,-1.863,1.044,1.279
229.33,12036,-2.589,-1.449,1.14,1.305
229.74,12036,-2.436,-1.052,1.03,1.064
230.15,12036,-2.24,-0.668,0.949,1.249
230.55,12036,-2.09,-0.272,1.077,1.19
230.96,12036,-1.858,0.118,1.166,1.03
231.36,12036,-1.663,0.518,1.077,1.19
231.77,12036,-1.518,0.93,1.166,1.03
232.18,12036,-1.256,1.288,1.082,0.983
232.58,12036,-0.991,1.647,1.14,0.91
232.99,12036,-0.695,1.99,1.131,0.785
233.4,12036,-0.395,2.292,1.082,0.983
233.8,12036,-0.138,2.631,1.14,0.91
234.21,12036,0.198,2.936,1.221,0.611
234.61,12036,0.532,3.247,1.14,0.91
235.02,12036,0.814,3.604,1.063,0.719
235.43,12036,1.202,3.862,1.166,0.54
235.83,12036,1.503,4.169,1.14,0.91
236.24,12036,1.828,4.473,1.082,0.588
236.65,12036,2.187,4.687,0.943,0.559
237.05,12036,2.496,4.878,1.082,0.588
237.46,12036,2.775,5.078,0.943,0.559
240.01,12036,4.389,7.065,1.0,0.929
240.41,12036,4.414,7.423,0.906,1.46
0.02,12038,1.105,-2.975,0.361,-0.983
48.21,12039,6.016,2.982,0.64,-2.467
48.62,12039,5.76,2.802,0.707,-2.356
49.02,12039,5.517,2.586,0.64,-2.467
49.43,12039,5.289,2.412,0.64,-2.467
49.84,12039,5.04,2.18,0.922,-2.433
50.25,12039,4.759,1.953,0.707,-2.356
50.66,12039,4.493,1.723,0.86,-2.191
51.06,12039,4.302,1.451,0.86,-2.191
51.47,12039,4.061,1.21,0.721,-2.554
51.88,12039,3.789,1.084,0.762,-2.737
52.29,12039,3.535,0.902,0.849,-2.356
52.7,12039,3.325,0.617,0.86,-2.191
53.11,12039,3.081,0.461,0.707,-3.0
53.52,12039,2.848,0.264,1.0,-2.214
53.93,12039,2.684,-0.092,0.985,-1.989
54.34,12039,2.48,-0.357,0.922,-2.433
54.75,12039,2.221,-0.618,0.721,-2.159
55.16,12039,2.042,-0.9,0.762,-1.976
55.56,12039,1.852,-1.173,0.86,-2.191
55.97,12039,1.651,-1.545,1.005,-1.67
56.38,12039,1.598,-1.877,0.825,-1.816
56.79,12039,1.43,-2.189,0.894,-2.034
69.61,12040,1.286,-2.464,0.728,1.292
70.01,12040,1.362,-2.172,0.762,1.166
70.42,12040,1.54,-1.903,0.922,0.862
70.83,12040,1.722,-1.584,0.825,1.326
71.23,12040,1.815,-1.203,1.02,1.373
71.64,12040,1.97,-0.858,0.949,1.249
72.04,12040,2.118,-0.481,0.922,1.352
72.45,12040,2.21,-0.08,1.044,1.279
72.86,12040,2.392,0.301,0.985,1.153
73.26,12040,2.557,0.67,0.922,1.352
73.67,12040,2.663,1.071,1.14,1.305
74.08,12040,2.816,1.44,1.077,1.19
74.48,12040,2.933,1.831,1.005,1.471
74.89,12040,3.014,2.259,1.217,1.406
75.29,12040,3.141,2.667,1.118,1.391
75.7,12040,3.242,3.076,1.0,1.571
76.11,12040,3.308,3.512,1.118,1.391
76.51,12040,3.443,3.89,1.077,1.19
76.92,12040,3.557,4.312,1.02,1.373
77.33,12040,3.635,4.753,1.17,1.222
77.73,12040,3.801,5.172,1.208,1.144
78.14,12040,3.937,5.592,1.105,1.48
78.54,12040,4.016,6.054,1.237,1.326
78.95,12040,4.063,6.379,1.237,1.326
79.36,12040,4.103,6.789,0.906,1.46
79.76,12040,4.133,7.217,1.02,1.373
103.14,12041,6.008,2.988,1.0,-2.498
103.54,12041,5.669,2.785,1.118,-2.678
103.95,12041,5.321,2.538,0.922,-2.433
104.36,12041,4.999,2.256,1.0,-2.498
104.76,12041,4.66,2.033,1.166,-2.601
105.17,12041,4.349,1.746,0.99,-2.356
105.58,12041,4.042,1.445,1.0,-2.498
105.98,12041,3.729,1.18,1.14,-2.481
106.39,12041,3.499,0.821,1.03,-2.078
106.79,12041,3.242,0.471,0.99,-2.356
107.2,12041,2.953,0.142,1.0,-2.214
107.61,12041,2.713,-0.167,1.0,-2.214
108.01,12041,2.416,-0.491,0.99,-2.356
108.42,12041,2.092,-0.789,1.0,-2.214
108.83,12041,1.853,-1.1,1.063,-2.29
109.23,12041,1.615,-1.319,0.707,-2.356
109.64,12041,1.317,-1.513,0.849,-2.356
110.04,12041,1.057,-1.764,1.063,-2.29
110.45,12041,0.791,-1.973,0.806,-2.622
110.86,12041,0.47,-2.138,1.0,-2.498
111.26,12041,0.179,-2.371,1.0,-2.214
111.67,12041,-0.11,-2.569,0.781,-2.266
112.08,12041,-0.389,-2.771,0.922,-2.433
112.48,12041,-0.688,-3.038,0.99,-2.356
112.89,12041,-1.071,-3.269,1.221,-2.531
113.29,12041,-1.392,-3.543,0.943,-2.129
113.7,12041,-1.655,-3.873,1.082,-2.159
114.11,12041,-1.9,-4.134,0.412,-1.816
114.51,12041,-2.166,-4.409,0.922,-2.279
114.92,12041,-2.405,-4.699,0.99,-2.356
115.33,12041,-2.696,-4.892,0.86,-2.521
115.73,12041,-2.971,-5.072,0.707,-2.356
116.14,12041,-3.126,-5.293,0.781,-2.266
116.54,12041,-3.377,-5.466,0.539,-2.761
116.95,12041,-3.566,-5.505,0.447,-2.678
117.36,12041,-3.676,-5.607,0.283,-2.356
117.76,12041,-3.707,-5.656,0.141,-2.356
141.89,12042,-3.483,-5.921,0.539,0.381
142.29,12042,-3.256,-5.812,0.721,0.588
142.69,12042,-3.029,-5.689,0.64,0.896
143.09,12042,-2.982,-5.559,0.64,0.675
143.49,12042,-2.769,-5.354,0.5,0.644
143.9,12042,-2.626,-5.249,0.447,0.464
144.3,12042,-2.5,-5.089,0.447,1.107
144.71,12042,-2.401,-4.895,0.671,1.107
145.11,12042,-2.252,-4.777,0.412,0.245
145.52,12042,-2.033,-4.715,0.583,0.54
145.93,12042,-1.884,-4.54,0.671,1.107
146.33,12042,-1.747,-4.317,0.64,0.896
146.74,12042,-1.542,-4.094,0.86,0.62
147.15,12042,-1.346,-3.846,0.721,0.983
147.55,12042,-1.076,-3.559,1.166,0.54
147.96,12042,-0.74,-3.416,0.894,0.464
148.36,12042,-0.46,-3.231,0.721,0.588
148.77,12042,-0.192,-2.997,1.0,0.644
149.18,12042,0.088,-2.819,0.806,0.519
149.58,12042,0.373,-2.61,0.707,0.785
149.99,12042,0.593,-2.359,0.781,0.876
150.4,12042,0.844,-2.13,0.781,0.695
150.8,12042,1.06,-1.943,0.721,0.983
151.21,12042,1.247,-1.703,0.894,1.107
151.61,12042,1.453,-1.434,0.849,0.785
152.02,12042,1.69,-1.16,0.894,1.107
152.43,12042,1.841,-0.815,1.118,1.107
152.83,12042,2.085,-0.513,0.849,0.785
153.24,12042,2.39,-0.266,0.849,0.785
153.65,12042,2.64,-0.0,1.063,0.852
154.05,12042,2.925,0.25,0.943,0.559
154.46,12042,3.227,0.475,0.922,0.709
154.86,12042,3.435,0.76,0.806,1.052
155.27,12042,3.678,1.079,0.922,0.709
155.68,12042,3.953,1.353,0.99,0.785
156.08,12042,4.183,1.646,0.922,0.862
156.49,12042,4.449,1.969,1.063,0.719
156.9,12042,4.755,2.231,1.14,0.661
157.3,12042,5.012,2.507,0.86,0.951
157.71,12042,5.285,2.786,0.86,0.62
158.11,12042,5.567,2.988,0.985,0.418
158.52,12042,5.797,3.202,0.707,0.785
196.5,12043,4.428,7.544,0.7,-1.571
196.9,12043,4.326,7.236,0.64,-2.246
197.3,12043,4.129,6.929,0.728,-1.849
197.71,12043,4.077,6.542,0.707,-1.713
198.11,12043,3.99,6.226,0.728,-1.849
198.52,12043,3.915,5.914,0.8,-1.571
198.93,12043,3.959,5.548,1.005,-1.471
199.33,12043,3.997,5.11,0.906,-1.681
199.74,12043,3.936,4.717,1.005,-1.67
200.15,12043,3.946,4.332,0.8,-1.571
200.55,12043,3.827,3.992,0.806,-2.09
200.96,12043,3.621,3.676,0.854,-1.93
201.36,12043,3.446,3.315,1.077,-1.951
201.77,12043,3.171,2.983,1.273,-2.356
202.18,12043,2.873,2.557,0.985,-1.989
202.58,12043,2.718,2.149,1.077,-1.951
202.99,12043,2.555,1.779,1.208,-1.997
203.4,12043,2.402,1.395,0.762,-1.976
203.8,12043,2.29,1.06,0.854,-1.93
204.21,12043,2.095,0.736,1.082,-2.159
204.61,12043,1.913,0.429,0.943,-2.129
205.02,12043,1.759,0.078,1.0,-2.214
205.43,12043,1.531,-0.246,0.86,-2.191
205.83,12043,1.365,-0.538,0.762,-1.976
206.24,12043,1.224,-0.917,1.342,-2.034
206.65,12043,1.1,-1.212,0.671,-2.034
207.05,12043,0.981,-1.465,0.707,-1.713
207.46,12043,0.979,-1.766,0.8,-1.571
207.86,12043,0.909,-2.01,0.447,-2.034
208.27,12043,0.813,-2.103,0.283,-2.356
208.68,12043,0.796,-2.147,0.141,-0.785
209.08,12043,0.814,-2.188,0.1,-1.571
209.49,12043,0.819,-2.207,0.0,0.0
209.9,12043,0.819,-2.216,0.0,0.0
210.3,12043,0.823,-2.219,0.1,-1.571
210.71,12043,0.825,-2.232,0.1,-1.571
211.11,12043,0.827,-2.24,0.0,0.0
211.52,12043,0.828,-2.238,0.0,0.0
211.93,12043,0.834,-2.237,0.0,0.0
212.33,12043,0.836,-2.232,0.0,0.0
212.74,12043,0.825,-2.227,0.141,-2.356
213.15,12043,0.723,-2.227,0.4,3.142
213.55,12043,0.506,-2.142,0.608,2.976
213.96,12043,0.267,-2.2,0.671,-2.678
214.36,12043,0.067,-2.37,0.781,-2.447
214.77,12043,-0.24,-2.498,0.854,-2.783
215.18,12043,-0.597,-2.653,0.943,-2.583
215.58,12043,-0.938,-2.899,1.14,-2.481
215.99,12043,-1.318,-3.1,0.894,-2.678
216.4,12043,-1.705,-3.311,1.0,-2.498
216.8,12043,-2.08,-3.558,1.221,-2.531
217.21,12043,-2.498,-3.724,1.14,-2.875
217.61,12043,-2.904,-3.898,1.082,-2.554
218.02,12043,-3.271,-4.149,1.03,-2.634
218.43,12043,-3.671,-4.333,1.118,-2.678
218.83,12043,-4.001,-4.566,1.0,-2.498
219.24,12043,-4.327,-4.821,0.943,-2.583
224.78,12044,-4.466,-4.714,1.03,1.064
225.18,12044,-4.25,-4.403,1.0,0.927
225.58,12044,-4.034,-4.068,0.949,1.249
225.99,12044,-3.892,-3.687,1.077,1.19
226.4,12044,-3.677,-3.365,1.0,0.927
226.8,12044,-3.432,-3.064,0.943,1.012
227.21,12044,-3.293,-2.633,1.2,1.571
227.61,12044,-3.23,-2.239,0.949,1.249
228.02,12044,-3.1,-1.85,0.9,1.571
228.43,12044,-3.044,-1.421,1.02,1.373
228.83,12044,-2.877,-1.051,0.985,1.153
229.24,12044,-2.715,-0.641,0.9,1.571
229.65,12044,-2.568,-0.208,1.17,1.222
230.05,12044,-2.34,0.151,1.14,0.91
230.46,12044,-2.131,0.553,1.077,1.19
230.86,12044,-1.929,0.949,1.0,0.927
231.27,12044,-1.681,1.276,1.063,0.852
231.68,12044,-1.455,1.639,1.118,1.107
232.08,12044,-1.187,2.013,1.131,0.785
232.49,12044,-0.832,2.337,1.204,0.727
232.9,12044,-0.536,2.687,1.0,0.927
234.86,12045,0.857,4.105,1.082,0.588
235.27,12045,1.146,4.421,1.063,0.852
235.68,12045,1.481,4.74,1.082,0.588
236.08,12045,1.836,4.984,1.0,0.644
236.49,12045,2.124,5.282,1.063,0.852
236.9,12045,2.439,5.587,1.14,0.661
237.3,12045,2.793,5.868,1.204,0.727
237.71,12045,3.105,6.174,1.14,0.91
238.11,12045,3.426,6.471,1.063,0.719
238.52,12045,3.72,6.794,1.118,1.107
238.93,12045,3.899,7.194,1.077,1.19
239.33,12045,4.069,7.538,0.943,1.012
0.02,12047,0.562,-3.325,0.141,-2.356
49.07,12048,5.728,3.308,1.118,-2.962
49.48,12048,5.283,3.182,1.17,-2.793
49.88,12048,4.878,2.956,1.208,-2.715
50.29,12048,4.414,2.712,1.166,-2.601
50.7,12048,4.039,2.422,1.063,-2.423
51.11,12048,3.689,2.197,1.118,-2.678
51.52,12048,3.321,1.96,1.063,-2.423
51.93,12048,3.032,1.615,1.0,-2.214
52.34,12048,2.737,1.318,1.063,-2.29
52.75,12048,2.482,1.014,1.0,-2.214
53.16,12048,2.286,0.704,1.304,-2.138
53.56,12048,1.995,0.45,0.671,-2.678
53.97,12048,1.755,0.115,0.781,-2.266
54.38,12048,1.54,-0.169,0.922,-2.279
54.79,12048,1.233,-0.425,0.922,-2.279
55.2,12048,1.055,-0.733,0.854,-1.93
55.61,12048,0.845,-1.008,0.922,-2.433
56.02,12048,0.549,-1.243,1.0,-2.214
56.43,12048,0.378,-1.579,0.943,-2.129
56.84,12048,0.161,-1.904,0.943,-2.129
57.25,12048,0.019,-2.271,0.906,-1.681
57.66,12048,0.029,-2.627,0.707,-1.713
58.06,12048,-0.027,-2.938,0.806,-1.695
58.47,12048,0.03,-3.146,0.361,-0.983
58.88,12048,0.112,-3.264,0.412,-1.326
59.26,12049,0.1,-3.435,0.51,-1.768
67.24,12050,0.111,-3.61,0.424,2.356
67.64,12050,-0.054,-3.492,0.361,2.554
68.04,12050,-0.133,-3.441,0.2,1.571
68.45,12050,-0.054,-3.345,0.412,0.245
68.86,12050,0.117,-3.249,0.424,0.785
69.35,12051,0.19,-3.032,0.6,1.571
69.75,12051,0.271,-2.831,0.64,0.675
70.35,12052,0.711,-2.524,0.849,0.785
70.75,12052,0.961,-2.238,0.922,0.709
71.15,12052,1.333,-2.077,1.237,0.245
71.56,12052,1.75,-1.851,1.063,0.852
71.97,12052,2.047,-1.502,1.204,0.727
72.37,12052,2.39,-1.134,1.221,0.96
72.78,12052,2.613,-0.678,1.208,1.144
73.18,12052,2.87,-0.286,1.281,0.896
73.59,12052,3.159,0.163,1.432,1.138
74.0,12052,3.387,0.639,1.253,1.071
74.4,12052,3.629,1.01,1.077,1.19
74.81,12052,3.794,1.477,1.14,1.305
75.22,12052,3.96,1.917,1.253,1.071
75.62,12052,4.144,2.365,1.237,1.326
76.03,12052,4.275,2.821,1.044,1.279
76.43,12052,4.482,3.254,1.265,1.249
76.84,12052,4.589,3.742,1.118,1.391
77.25,12052,4.763,4.238,1.36,1.272
77.65,12052,4.816,4.759,1.105,1.48
78.06,12052,4.798,5.285,1.217,1.406
78.47,12052,4.947,5.66,1.105,1.48
78.87,12052,4.919,6.104,1.118,1.751
79.28,12052,4.921,6.558,1.304,1.494
79.68,12052,4.913,7.016,1.105,1.661
103.66,12053,5.599,3.637,1.664,-2.57
104.06,12053,5.145,3.36,1.342,-2.678
104.47,12053,4.63,3.055,1.487,-2.404
104.87,12053,4.225,2.664,1.5,-2.498
105.28,12053,3.76,2.348,1.221,-2.531
105.68,12053,3.414,2.009,1.281,-2.246
106.09,12053,3.075,1.68,1.221,-2.531
106.5,12053,2.685,1.332,1.345,-2.304
106.9,12053,2.408,0.976,1.063,-2.29
107.31,12053,2.116,0.644,1.063,-2.29
107.72,12053,1.873,0.265,1.208,-1.997
108.12,12053,1.628,-0.085,1.063,-2.29
108.53,12053,1.273,-0.387,1.131,-2.356
108.93,12053,1.018,-0.746,1.03,-2.078
109.34,12053,0.754,-1.072,1.063,-2.423
109.75,12053,0.471,-1.375,0.922,-2.279
110.15,12053,0.275,-1.603,0.86,-2.521
110.56,12053,-0.085,-1.753,1.14,-2.875
110.97,12053,-0.453,-1.959,0.781,-2.447
111.37,12053,-0.682,-2.139,0.728,-2.863
111.78,12053,-1.083,-2.228,0.985,-2.723
112.18,12053,-1.376,-2.455,1.0,-2.214
112.59,12053,-1.636,-2.69,0.86,-2.521
113.0,12053,-1.989,-2.929,0.86,-2.191
113.4,12053,-2.207,-3.222,0.86,-2.191
113.81,12053,-2.458,-3.474,1.063,-2.423
114.22,12053,-2.744,-3.71,0.922,-2.279
114.62,12053,-2.969,-3.982,0.806,-2.622
115.03,12053,-3.301,-4.137,1.36,-2.843
115.43,12053,-3.63,-4.29,0.86,-2.521
115.84,12053,-3.849,-4.509,0.781,-2.447
116.25,12053,-4.139,-4.623,0.825,-2.897
116.65,12053,-4.341,-4.715,0.424,-2.356
141.9,12054,-4.229,-5.152,0.86,0.62
142.3,12054,-3.911,-4.887,0.86,0.951
142.71,12054,-3.664,-4.681,0.825,0.245
143.11,12054,-3.348,-4.583,0.762,0.405
143.52,12054,-3.205,-4.406,0.632,1.249
143.93,12054,-3.121,-4.197,0.5,0.927
144.33,12054,-2.971,-4.033,0.632,0.322
144.74,12054,-2.734,-3.953,0.583,0.54
145.15,12054,-2.541,-3.754,0.728,1.292
145.55,12054,-2.39,-3.572,0.671,0.464
145.96,12054,-2.046,-3.499,0.922,0.219
146.36,12054,-1.759,-3.323,0.922,0.709
146.77,12054,-1.467,-3.097,0.806,0.519
147.18,12054,-1.163,-2.958,0.825,0.245
147.58,12054,-0.926,-2.68,1.0,0.927
147.99,12054,-0.657,-2.454,0.762,0.405
148.4,12054,-0.35,-2.368,0.806,0.519
148.8,12054,-0.056,-2.131,1.063,0.852
149.21,12054,0.273,-1.91,1.03,0.507
149.61,12054,0.595,-1.73,0.849,0.785
150.02,12054,0.732,-1.404,0.949,1.249
150.43,12054,0.875,-1.026,1.118,1.107
150.83,12054,1.097,-0.651,1.077,1.19
151.24,12054,1.248,-0.24,1.03,1.064
151.65,12054,1.49,0.127,1.063,0.852
152.05,12054,1.76,0.486,1.118,1.107
152.46,12054,1.96,0.867,1.063,0.852
152.86,12054,2.235,1.195,1.082,0.983
153.27,12054,2.443,1.569,1.118,1.107
153.68,12054,2.695,1.888,1.063,0.719
154.08,12054,3.015,2.171,1.204,0.844
154.49,12054,3.27,2.493,0.922,0.862
154.9,12054,3.591,2.732,1.118,0.464
155.3,12054,3.889,3.013,1.14,0.91
155.71,12054,4.162,3.317,1.063,0.719
156.11,12054,4.535,3.549,1.03,0.507
156.52,12054,4.903,3.811,1.063,0.719
156.93,12054,5.279,4.0,1.14,0.266
196.11,12055,3.958,5.424,0.069,2.688
196.52,12055,3.992,5.065,1.14,-1.305
196.93,12055,4.089,4.613,1.217,-1.406
197.33,12055,4.096,4.131,1.105,-1.48
197.74,12055,4.181,3.651,1.217,-1.406
198.15,12055,4.149,3.19,1.044,-1.862
198.55,12055,4.054,2.788,1.005,-1.67
198.96,12055,3.96,2.401,0.894,-2.034
199.36,12055,3.691,2.101,1.0,-2.214
199.77,12055,3.476,1.716,1.077,-1.951
200.18,12055,3.243,1.381,1.063,-2.29
200.58,12055,2.955,1.039,1.166,-2.111
200.99,12055,2.768,0.625,0.894,-2.034
201.4,12055,2.496,0.286,1.221,-2.182
201.8,12055,2.317,-0.088,1.118,-1.751
202.21,12055,2.153,-0.471,0.943,-2.129
202.61,12055,1.931,-0.804,0.985,-1.989
203.02,12055,1.847,-1.202,1.005,-1.67
203.43,12055,1.808,-1.581,0.854,-1.93
203.83,12055,1.65,-1.889,0.854,-1.93
204.24,12055,1.595,-2.239,1.02,-1.768
215.41,12056,0.617,-2.565,0.762,2.737
215.81,12056,0.256,-2.55,1.0,3.142
216.21,12056,-0.123,-2.536,1.005,3.042
216.61,12056,-0.547,-2.587,0.985,-2.723
217.02,12056,-0.901,-2.79,0.985,-2.723
217.43,12056,-1.341,-2.949,1.17,-2.793
217.83,12056,-1.728,-3.235,1.131,-2.356
218.24,12056,-2.107,-3.505,1.253,-2.642
218.65,12056,-2.516,-3.76,1.204,-2.415
219.05,12056,-2.83,-4.094,1.063,-2.423
219.46,12056,-3.146,-4.341,1.0,-2.498
219.86,12056,-3.418,-4.61,1.0,-2.214
220.27,12056,-3.597,-4.906,0.86,-2.191
220.68,12056,-3.813,-5.099,0.707,-2.356
221.08,12056,-3.901,-5.361,0.707,-1.713
226.74,12057,-3.547,-5.694,1.355,0.748
227.15,12057,-3.263,-5.366,1.36,0.942
227.55,12057,-2.932,-5.029,1.414,0.785
227.96,12057,-2.611,-4.518,1.565,1.107
228.36,12057,-2.349,-4.008,1.526,1.019
228.77,12057,-2.109,-3.443,1.53,1.373
229.18,12057,-1.947,-2.89,1.3,1.176
229.58,12057,-1.674,-2.359,1.565,1.107
229.99,12057,-1.502,-1.772,1.456,1.292
230.4,12057,-1.299,-1.226,1.523,1.166
230.8,12057,-1.194,-0.716,1.2,1.571
231.21,12057,-1.085,-0.255,1.208,1.144
231.61,12057,-0.888,0.157,1.17,1.222
232.02,12057,-0.76,0.605,1.077,1.19
232.43,12057,-0.553,0.999,1.0,0.927
232.83,12057,-0.323,1.417,1.304,1.004
233.24,12057,0.047,1.772,1.36,0.629
233.65,12057,0.451,2.131,1.345,0.838
234.05,12057,0.766,2.511,1.204,0.844
234.46,12057,1.139,2.809,0.943,0.559
234.86,12057,1.448,3.116,1.082,0.983
235.27,12057,1.754,3.403,1.0,0.644
235.68,12057,2.129,3.68,1.204,0.727
236.08,12057,2.456,4.022,1.082,0.588
236.49,12057,2.874,4.272,1.253,0.499
236.9,12057,3.222,4.603,1.221,0.96
237.3,12057,3.528,4.924,0.943,0.559
237.71,12057,3.905,5.152,0.894,0.464
238.11,12057,4.191,5.49,1.304,1.004
238.52,12057,4.485,5.776,1.063,0.719
238.93,12057,4.792,6.077,0.99,0.785
239.33,12057,4.909,6.364,0.632,1.249
239.74,12057,5.063,6.657,0.806,1.052
240.15,12057,5.147,6.918,0.447,2.034
34.49,12059,-4.455,-4.879,0.86,0.951
34.9,12059,-4.217,-4.623,0.943,1.012
35.31,12059,-3.961,-4.338,1.063,0.719
35.72,12059,-3.724,-4.072,0.806,1.052
36.13,12059,-3.528,-3.75,0.86,0.951
36.54,12059,-3.25,-3.5,1.0,0.644
36.95,12059,-2.93,-3.261,0.99,0.785
37.36,12059,-2.658,-2.953,0.922,0.709
37.77,12059,-2.342,-2.748,0.894,0.464
38.18,12059,-2.03,-2.506,0.99,0.785
38.59,12059,-1.799,-2.191,1.063,0.852
39.0,12059,-1.487,-1.901,1.063,0.719
39.41,12059,-1.212,-1.576,1.03,1.064
39.81,12059,-1.016,-1.219,1.0,0.927
40.22,12059,-0.764,-0.902,1.063,0.852
40.63,12059,-0.57,-0.551,0.985,1.153
41.04,12059,-0.461,-0.167,0.943,1.012
41.45,12059,-0.256,0.155,0.943,1.012
41.86,12059,-0.052,0.491,1.03,1.064
42.27,12059,0.144,0.823,0.99,0.785
42.68,12059,0.46,1.066,1.082,0.588
43.09,12059,0.773,1.342,0.99,0.785
43.5,12059,1.071,1.624,1.082,0.588
43.91,12059,1.448,1.8,0.985,0.418
44.31,12059,1.752,2.01,0.922,0.709
44.72,12059,2.05,2.232,0.894,0.464
45.13,12059,2.431,2.352,0.854,0.359
45.54,12059,2.73,2.543,0.99,0.785
45.95,12059,3.006,2.794,0.894,0.464
46.36,12059,3.355,2.942,0.985,0.418
46.77,12059,3.687,3.121,0.943,0.559
47.18,12059,3.991,3.307,0.762,0.405
47.59,12059,4.328,3.363,0.906,0.111
48.0,12059,4.667,3.445,0.854,0.359
48.41,12059,4.984,3.618,0.671,0.464
48.81,12059,5.3,3.712,0.906,0.111
49.22,12059,5.598,3.813,0.762,0.405
100.35,12060,4.332,7.549,0.854,-1.93
100.75,12060,4.179,7.264,0.985,-1.989
101.15,12060,4.082,6.934,0.906,-1.681
101.56,12060,3.953,6.601,0.943,-2.129
101.97,12060,3.742,6.333,0.721,-2.159
102.37,12060,3.58,6.051,0.894,-2.034
102.78,12060,3.379,5.722,0.849,-2.356
103.18,12060,3.084,5.469,0.922,-2.433
103.59,12060,2.862,5.212,0.806,-2.09
104.0,12060,2.692,4.934,0.849,-2.356
104.4,12060,2.408,4.686,0.922,-2.433
104.81,12060,2.161,4.392,1.0,-2.214
105.22,12060,1.946,4.045,1.063,-2.29
105.62,12060,1.649,3.754,1.204,-2.415
106.03,12060,1.364,3.401,1.082,-2.159
106.43,12060,1.119,3.014,1.063,-2.29
106.84,12060,0.815,2.709,1.063,-2.423
107.25,12060,0.57,2.356,1.082,-2.159
107.65,12060,0.307,1.979,1.131,-2.356
108.06,12060,-0.038,1.666,1.281,-2.467
108.47,12060,-0.363,1.319,1.204,-2.297
108.87,12060,-0.694,0.966,1.131,-2.356
109.28,12060,-1.042,0.616,1.14,-2.232
109.68,12060,-1.266,0.202,1.3,-1.966
110.09,12060,-1.543,-0.197,1.14,-2.232
110.5,12060,-1.843,-0.598,1.166,-2.111
110.9,12060,-2.083,-1.038,1.221,-2.182
111.31,12060,-2.396,-1.418,1.063,-2.29
111.72,12060,-2.697,-1.811,1.253,-2.07
112.12,12060,-2.933,-2.238,1.221,-2.182
112.53,12060,-3.235,-2.623,1.281,-2.246
112.93,12060,-3.463,-3.063,1.17,-1.92
113.34,12060,-3.707,-3.48,1.14,-2.232
113.75,12060,-3.992,-3.891,1.476,-2.065
114.15,12060,-4.172,-4.335,1.265,-1.893
114.56,12060,-4.348,-4.684,0.943,-2.129
126.39,12061,-4.271,-5.014,1.14,1.305
126.79,12061,-4.183,-4.598,1.118,1.391
127.2,12061,-4.015,-4.207,1.082,0.983
127.61,12061,-3.769,-3.824,1.03,1.064
128.02,12061,-3.563,-3.42,1.118,1.107
128.43,12061,-3.277,-3.079,1.063,0.852
128.83,12061,-2.96,-2.764,1.063,0.852
129.24,12061,-2.659,-2.445,1.131,0.785
129.65,12061,-2.299,-2.219,1.03,0.507
130.05,12061,-1.924,-2.007,1.0,0.644
130.46,12061,-1.57,-1.724,1.082,0.588
130.86,12061,-1.203,-1.514,1.118,0.464
131.27,12061,-0.799,-1.283,1.0,0.644
131.68,12061,-0.415,-1.019,1.118,0.464
132.08,12061,-0.005,-0.861,1.265,0.322
132.49,12061,0.433,-0.635,1.14,0.661
132.9,12061,0.832,-0.386,1.118,0.464
133.3,12061,1.249,-0.186,1.166,0.54
133.71,12061,1.581,0.116,1.063,0.852
134.11,12061,1.898,0.437,1.131,0.785
134.52,12061,2.247,0.748,1.281,0.896
134.93,12061,2.521,1.1,1.0,0.927
135.33,12061,2.814,1.405,1.0,0.644
135.74,12061,3.18,1.656,1.063,0.719
136.15,12061,3.502,1.933,1.0,0.644
136.55,12061,3.882,2.138,1.17,0.349
136.96,12061,4.286,2.324,1.082,0.588
137.36,12061,4.609,2.579,1.063,0.719
137.77,12061,4.958,2.803,0.985,0.418
138.18,12061,5.297,3.009,0.849,0.785
138.58,12061,5.553,3.26,0.922,0.709
163.86,12062,4.471,7.548,1.1,-1.571
164.27,12062,4.489,7.129,1.0,-1.571
164.68,12062,4.446,6.766,0.854,-1.93
165.08,12062,4.313,6.417,1.03,-2.078
165.49,12062,4.184,6.049,0.922,-1.789
165.9,12062,4.056,5.675,1.082,-2.159
166.3,12062,3.867,5.327,1.131,-2.356
166.71,12062,3.625,4.945,1.118,-2.034
167.11,12062,3.418,4.604,0.849,-2.356
167.52,12062,3.099,4.341,1.221,-2.531
167.93,12062,2.82,4.051,1.14,-2.232
168.33,12062,2.504,3.707,1.082,-2.554
168.74,12062,2.119,3.437,1.166,-2.601
169.15,12062,1.743,3.105,1.204,-2.297
169.55,12062,1.382,2.787,1.166,-2.601
169.96,12062,0.987,2.523,1.281,-2.467
170.36,12062,0.646,2.194,1.131,-2.356
170.77,12062,0.264,1.923,1.118,-2.678
171.18,12062,-0.126,1.688,1.063,-2.423
171.58,12062,-0.418,1.359,1.14,-2.232
171.99,12062,-0.709,1.046,0.99,-2.356
172.4,12062,-0.987,0.742,0.943,-2.129
172.8,12062,-1.154,0.38,0.985,-1.989
173.21,12062,-1.371,0.054,1.082,-2.159
173.61,12062,-1.613,-0.274,1.118,-2.034
174.02,12062,-1.769,-0.689,1.077,-1.951
174.43,12062,-1.962,-1.059,1.082,-2.159
174.83,12062,-2.172,-1.394,1.03,-2.078
175.24,12062,-2.319,-1.797,0.922,-1.789
175.65,12062,-2.487,-2.132,0.943,-2.129
176.05,12062,-2.711,-2.45,0.943,-2.129
176.46,12062,-2.889,-2.813,0.985,-1.989
176.86,12062,-3.111,-3.134,0.99,-2.356
177.27,12062,-3.416,-3.451,0.985,-1.989
177.68,12062,-3.607,-3.849,1.044,-1.862
178.08,12062,-3.787,-4.193,1.03,-2.078
178.49,12062,-4.037,-4.57,1.208,-1.997
178.9,12062,-4.184,-4.966,1.044,-1.862
187.15,12063,-4.36,-4.841,1.082,0.983
187.55,12063,-4.172,-4.464,1.36,0.942
187.96,12063,-3.916,-4.126,1.063,0.852
188.36,12063,-3.633,-3.785,1.082,0.983
188.77,12063,-3.413,-3.387,1.118,1.107
189.18,12063,-3.147,-3.048,1.131,0.785
189.58,12063,-2.878,-2.715,1.082,0.983
189.99,12063,-2.668,-2.309,1.166,1.03
190.4,12063,-2.382,-1.978,1.063,0.852
190.8,12063,-2.102,-1.657,1.0,0.927
191.21,12063,-1.848,-1.3,1.063,0.852
191.61,12063,-1.535,-1.016,1.0,0.644
192.02,12063,-1.218,-0.711,1.082,0.983
192.43,12063,-0.987,-0.34,1.063,0.852
192.83,12063,-0.671,-0.048,1.082,0.588
193.24,12063,-0.347,0.233,1.063,0.852
193.65,12063,-0.076,0.565,1.063,0.852
194.05,12063,0.24,0.825,1.03,0.507
194.46,12063,0.557,1.107,1.0,0.927
194.86,12063,0.845,1.431,1.0,0.644
195.27,12063,1.228,1.64,1.077,0.381
195.68,12063,1.568,1.863,0.99,0.785
196.08,12063,1.813,2.077,0.806,0.519
196.49,12063,2.141,2.191,0.922,0.219
196.9,12063,2.424,2.33,0.721,0.588
197.3,12063,2.609,2.506,0.583,0.54
197.71,12063,2.831,2.6,0.608,0.165
198.11,12063,3.028,2.722,0.64,0.896
198.52,12063,3.134,2.966,0.632,1.249
198.93,12063,3.222,3.16,0.412,1.816
199.33,12063,3.257,3.41,0.806,1.695
199.74,12063,3.22,3.761,0.9,1.571
200.15,12063,3.307,4.141,1.3,1.176
200.55,12063,3.405,4.508,1.044,1.279
200.96,12063,3.526,4.855,0.86,0.951
201.36,12063,3.758,5.105,0.922,0.709
201.77,12063,3.96,5.409,0.985,1.153
202.18,12063,4.122,5.812,0.943,1.012
202.58,12063,4.345,6.128,0.86,0.951
202.99,12063,4.51,6.531,1.14,1.305
203.4,12063,4.574,6.92,1.02,1.373
203.8,12063,4.66,7.27,0.854,1.212
227.1,12064,5.598,3.913,1.3,3.142
227.5,12064,5.155,3.812,1.077,-2.761
227.9,12064,4.732,3.678,1.217,-2.976
228.3,12064,4.304,3.613,1.14,-2.875
228.71,12064,3.923,3.349,1.063,-2.29
229.11,12064,3.575,3.069,1.03,-2.634
229.52,12064,3.205,2.817,1.063,-2.423
229.93,12064,2.916,2.496,0.943,-2.129
230.33,12064,2.613,2.168,1.131,-2.356
230.74,12064,2.319,1.822,1.082,-2.159
231.15,12064,2.127,1.399,1.166,-2.111
231.55,12064,1.894,1.03,1.063,-2.29
231.96,12064,1.628,0.68,1.077,-1.951
232.36,12064,1.428,0.281,1.0,-2.214
232.77,12064,1.112,0.01,1.082,-2.554
233.18,12064,0.776,-0.248,1.063,-2.423
233.58,12064,0.44,-0.486,1.118,-2.678
233.99,12064,0.021,-0.622,1.044,-2.85
234.4,12064,-0.374,-0.81,0.943,-2.583
234.8,12064,-0.734,-1.022,1.077,-2.761
235.21,12064,-1.113,-1.177,1.166,-2.601
235.61,12064,-1.401,-1.458,1.0,-2.214
236.02,12064,-1.666,-1.787,0.99,-2.356
236.43,12064,-1.968,-2.087,1.063,-2.29
236.83,12064,-2.192,-2.432,0.943,-2.129
237.24,12064,-2.431,-2.778,1.063,-2.29
237.65,12064,-2.723,-3.098,1.14,-2.232
238.05,12064,-2.945,-3.47,1.118,-2.034
238.46,12064,-3.19,-3.81,0.99,-2.356
238.86,12064,-3.494,-4.079,1.063,-2.29
239.27,12064,-3.724,-4.439,1.03,-2.078
239.68,12064,-3.983,-4.763,0.99,-2.356
240.08,12064,-4.21,-4.986,0.99,-2.356
246.51,12065,-4.331,-4.894,1.063,0.852
246.91,12065,-4.078,-4.553,1.03,1.064
247.31,12065,-3.897,-4.162,1.082,0.983
247.71,12065,-3.632,-3.849,0.99,0.785
248.11,12065,-3.391,-3.526,1.082,0.983
248.52,12065,-3.198,-3.148,1.03,1.064
248.93,12065,-2.942,-2.796,1.14,0.91
249.33,12065,-2.747,-2.427,0.985,1.153
249.74,12065,-2.571,-2.052,0.943,1.012
250.15,12065,-2.317,-1.784,0.86,0.62
250.55,12065,-2.115,-1.549,0.721,0.983
250.96,12065,-1.914,-1.387,0.632,0.322
251.36,12065,-1.628,-1.422,0.854,-0.359
251.77,12065,-1.296,-1.461,0.8,0.0
252.18,12065,-0.912,-1.461,0.906,-0.111
252.58,12065,-0.597,-1.621,0.922,-0.709
252.99,12065,-0.276,-1.732,0.922,-0.219
253.4,12065,0.039,-1.774,0.728,-0.278
253.8,12065,0.293,-1.896,0.781,-0.695
254.21,12065,0.53,-2.078,0.762,-0.405
254.61,12065,0.797,-2.226,0.781,-0.695
255.02,12065,1.009,-2.409,0.583,-1.03
0.02,12067,2.278,-2.635,0.1,3.142
23.1,12068,0.279,3.387,0.806,-0.124
23.51,12068,0.558,3.471,0.86,0.62
23.92,12068,0.839,3.714,0.806,0.519
24.33,12068,1.169,3.873,0.985,0.418
24.73,12068,1.558,4.107,1.131,0.785
25.14,12068,1.9,4.433,1.221,0.611
25.55,12068,2.28,4.687,1.166,0.54
25.96,12068,2.56,4.979,1.0,0.927
26.37,12068,2.858,5.296,1.063,0.719
26.78,12068,3.182,5.604,1.14,0.91
27.19,12068,3.427,5.958,1.082,0.983
27.6,12068,3.662,6.275,0.86,0.951
28.01,12068,3.906,6.588,1.082,0.983
28.42,12068,4.063,6.966,1.02,1.373
28.83,12068,4.226,7.36,1.03,1.064
41.72,12069,4.47,7.55,1.4,-1.571
42.13,12069,4.468,7.057,3.689,-2.569
42.54,12069,4.46,6.743,0.608,-1.406
42.95,12069,4.479,6.595,0.141,-0.785
43.36,12069,4.503,6.563,0.141,2.356
43.77,12069,4.503,6.545,0.1,-1.571
44.18,12069,4.508,6.51,0.2,-1.571
44.59,12069,4.508,6.513,0.141,-2.356
45.0,12069,4.488,6.51,0.141,-2.356
45.41,12069,4.421,6.418,0.64,-2.246
45.81,12069,4.18,6.24,0.721,-2.554
46.22,12069,3.987,6.044,0.894,-2.034
46.63,12069,3.754,5.741,0.781,-2.447
47.04,12069,3.481,5.495,0.781,-2.266
47.45,12069,3.269,5.218,0.86,-2.191
47.86,12069,3.069,4.95,0.608,-1.736
48.27,12069,3.022,4.619,0.806,-1.695
48.68,12069,2.943,4.241,1.044,-1.862
49.09,12069,2.869,3.785,1.2,-1.571
49.5,12069,2.817,3.272,1.315,-1.723
49.91,12069,2.746,2.697,1.304,-1.648
50.31,12069,2.696,2.192,1.513,-1.703
50.72,12069,2.602,1.698,1.14,-1.837
51.13,12069,2.526,1.218,1.204,-1.654
51.54,12069,2.433,0.705,1.217,-1.736
51.95,12069,2.358,0.2,1.105,-1.661
52.36,12069,2.349,-0.311,1.3,-1.571
52.77,12069,2.322,-0.767,1.105,-1.661
53.18,12069,2.32,-1.232,1.1,-1.571
53.59,12069,2.302,-1.618,0.806,-1.695
64.01,12070,2.275,-1.65,1.044,1.862
64.42,12070,2.164,-1.208,1.237,1.816
64.83,12070,2.06,-0.701,1.044,1.862
65.23,12070,1.928,-0.336,0.985,1.989
65.64,12070,1.791,0.142,1.36,1.869
66.04,12070,1.646,0.613,1.17,1.92
66.45,12070,1.452,1.075,1.14,1.837
66.86,12070,1.313,1.521,1.3,1.966
67.26,12070,1.114,1.912,1.03,2.078
67.67,12070,0.922,2.32,1.118,2.034
68.08,12070,0.684,2.77,1.221,2.182
68.48,12070,0.394,3.111,0.894,2.034
72.82,12071,0.707,3.747,0.51,-0.197
73.22,12071,0.96,3.745,0.707,0.142
73.62,12071,1.166,3.839,0.566,0.785
74.03,12071,1.333,3.972,0.447,0.464
74.43,12071,1.486,4.028,0.412,0.245
74.84,12071,1.66,4.072,0.412,0.245
75.25,12071,1.779,4.139,0.283,0.785
75.65,12071,1.821,4.258,0.412,1.326
76.06,12071,1.822,4.399,0.3,1.571
76.47,12071,1.848,4.493,0.224,1.107
76.87,12071,1.896,4.577,0.283,0.785
77.28,12071,1.973,4.645,0.224,0.464
77.68,12071,2.006,4.722,0.3,1.571
78.09,12071,1.976,4.824,0.224,2.034
78.5,12071,1.952,4.94,0.316,1.893
78.9,12071,1.96,5.031,0.2,1.571
79.31,12071,2.018,5.082,0.224,0.464
79.72,12071,2.131,5.133,0.412,0.245
80.12,12071,2.326,5.211,0.583,0.54
80.53,12071,2.542,5.37,0.781,0.876
80.93,12071,2.785,5.58,0.806,0.519
81.34,12071,3.087,5.716,0.854,0.359
81.75,12071,3.369,5.904,0.781,0.695
82.15,12071,3.591,6.144,0.849,0.785
82.56,12071,3.861,6.354,0.86,0.62
82.97,12071,4.098,6.608,0.806,1.052
83.37,12071,4.198,6.884,0.825,1.326
83.78,12071,4.31,7.217,1.044,1.279
94.54,12072,4.43,7.545,1.204,-1.488
94.95,12072,4.426,6.998,1.315,-1.723
95.36,12072,4.392,6.451,1.204,-1.654
95.76,12072,4.346,5.974,1.334,-1.798
96.17,12072,4.189,5.438,1.334,-1.798
96.58,12072,4.051,4.9,1.334,-1.798
96.98,12072,3.916,4.393,1.208,-1.997
97.39,12072,3.761,3.905,1.334,-1.798
97.79,12072,3.636,3.397,1.456,-1.849
98.2,12072,3.438,2.863,1.265,-1.893
98.61,12072,3.254,2.388,1.17,-1.92
99.01,12072,3.052,1.917,1.304,-2.138
99.42,12072,2.829,1.454,1.3,-1.966
99.83,12072,2.695,0.979,1.237,-1.816
100.23,12072,2.523,0.509,1.17,-1.92
100.64,12072,2.405,0.048,1.14,-1.837
101.04,12072,2.321,-0.44,1.204,-1.654
101.45,12072,2.255,-0.958,1.404,-1.642
101.86,12072,2.282,-1.435,1.118,-1.391
113.53,12073,2.356,-1.63,0.985,1.989
113.93,12073,2.181,-1.231,1.17,1.92
114.34,12073,2.028,-0.744,1.208,1.997
114.75,12073,1.817,-0.245,1.265,1.893
115.15,12073,1.68,0.258,1.265,1.893
115.56,12073,1.519,0.729,1.265,1.893
115.97,12073,1.376,1.242,1.237,1.816
116.37,12073,1.202,1.713,1.253,2.07
116.78,12073,0.92,2.199,1.253,2.07
117.18,12073,0.653,2.626,1.204,2.297
117.59,12073,0.338,3.055,1.526,2.122
122.7,12074,0.536,3.554,0.412,-0.245
123.11,12074,0.719,3.552,0.5,0.0
123.51,12074,0.887,3.493,0.5,-0.644
123.92,12074,1.076,3.348,0.566,-0.785
124.33,12074,1.219,3.19,0.5,-0.927
124.73,12074,1.304,3.014,0.447,-1.107
125.14,12074,1.437,2.863,0.5,-0.644
125.54,12074,1.607,2.712,0.566,-0.785
125.95,12074,1.713,2.576,0.3,-1.571
126.36,12074,1.747,2.402,0.583,-1.03
126.76,12074,1.899,2.248,0.671,-0.464
127.17,12074,2.171,2.238,0.728,0.278
127.58,12074,2.433,2.259,0.5,0.0
127.98,12074,2.663,2.253,0.51,0.197
128.39,12074,2.85,2.296,0.224,0.464
128.79,12074,2.868,2.319,0.1,1.571
129.19,12074,2.877,2.409,0.224,1.107
129.59,12074,2.921,2.561,0.4,1.571
129.99,12074,2.856,2.689,0.224,2.034
130.4,12074,2.786,2.745,0.224,2.678
130.8,12074,2.688,2.839,0.4,1.571
131.21,12074,2.796,3.037,0.671,1.107
131.61,12074,2.955,3.309,0.671,1.107
132.02,12074,3.073,3.574,0.762,1.166
132.43,12074,3.272,3.941,1.118,1.107
132.83,12074,3.446,4.321,1.077,1.19
133.24,12074,3.636,4.75,1.063,0.852
133.65,12074,3.983,5.089,1.221,0.96
134.05,12074,4.15,5.53,1.237,1.326
134.46,12074,4.311,6.004,1.265,1.249
134.86,12074,4.412,6.478,1.204,1.488
135.27,12074,4.439,6.999,1.3,1.571
135.68,12074,4.51,7.516,1.414,1.429
145.03,12075,4.44,7.545,1.204,-1.488
145.43,12075,4.446,7.093,0.906,-1.681
145.83,12075,4.393,6.629,1.5,-1.571
146.24,12075,4.406,6.064,1.404,-1.642
146.65,12075,4.331,5.554,1.118,-1.751
147.05,12075,4.234,5.101,1.217,-1.736
147.46,12075,4.144,4.597,1.14,-1.837
147.86,12075,3.974,4.13,1.265,-1.893
148.27,12075,3.816,3.629,1.487,-1.914
148.68,12075,3.623,3.119,1.14,-1.837
149.08,12075,3.488,2.68,1.02,-1.768
149.49,12075,3.391,2.255,0.906,-1.681
149.9,12075,3.312,1.802,1.204,-1.654
150.3,12075,3.28,1.351,1.217,-1.736
150.71,12075,3.203,0.892,1.237,-1.816
151.11,12075,3.109,0.414,1.204,-1.654
151.52,12075,3.06,-0.081,1.237,-1.816
151.93,12075,2.945,-0.582,1.315,-1.723
152.33,12075,2.883,-1.026,1.02,-1.768
152.74,12075,2.752,-1.449,1.044,-1.862
165.08,12076,2.104,-1.72,1.03,2.078
165.49,12076,1.926,-1.299,1.077,1.951
165.9,12076,1.764,-0.857,1.03,2.078
166.3,12076,1.61,-0.53,1.077,1.951
166.71,12076,1.501,-0.156,0.922,1.789
167.11,12076,1.466,0.206,0.8,1.571
167.52,12076,1.443,0.53,0.608,1.406
167.93,12076,1.458,0.681,0.361,0.983
168.33,12076,1.435,0.755,0.1,1.571
168.74,12076,1.416,0.809,0.141,2.356
169.15,12076,1.406,0.807,0.0,0.0
169.55,12076,1.407,0.806,0.1,3.142
169.96,12076,1.378,0.831,0.224,2.034
170.36,12076,1.3,0.96,0.539,1.951
170.77,12076,1.247,1.216,0.707,1.713
171.18,12076,1.179,1.535,0.806,2.09
171.58,12076,1.057,1.895,0.825,1.816
171.99,12076,0.884,2.268,1.082,2.159
172.4,12076,0.651,2.633,1.082,2.159
172.8,12076,0.429,2.977,1.0,2.214
177.62,12077,0.632,3.651,0.51,0.197
178.02,12077,0.764,3.617,0.316,-0.322
178.43,12077,0.857,3.566,0.141,-0.785
178.83,12077,0.891,3.505,0.224,-0.464
179.24,12077,1.054,3.471,0.4,0.0
179.65,12077,1.224,3.437,0.412,-0.245
180.05,12077,1.382,3.334,0.424,-0.785
180.46,12077,1.513,3.256,0.2,0.0
180.86,12077,1.645,3.332,0.5,0.644
181.27,12077,1.773,3.457,0.283,0.785
181.68,12077,1.877,3.525,0.224,0.464
182.08,12077,1.951,3.531,0.224,-0.464
182.49,12077,2.049,3.453,0.283,-0.785
182.9,12077,2.13,3.368,0.283,-0.785
183.3,12077,2.217,3.253,0.5,-0.927
183.71,12077,2.351,3.124,0.283,-0.785
184.11,12077,2.357,2.998,0.4,-1.571
184.52,12077,2.323,2.896,0.141,-2.356
184.93,12077,2.289,2.874,0.0,0.0
185.33,12077,2.312,2.88,0.141,0.785
185.74,12077,2.299,2.91,0.224,-2.678
186.15,12077,2.31,2.892,0.1,0.0
186.55,12077,2.354,2.924,0.224,1.107
186.96,12077,2.369,2.984,0.1,1.571
187.36,12077,2.441,3.013,0.3,0.0
187.77,12077,2.601,3.042,0.3,0.0
188.18,12077,2.691,3.064,0.1,0.0
188.58,12077,2.714,3.055,0.1,-1.571
188.99,12077,2.712,3.041,0.1,1.571
189.4,12077,2.709,3.101,0.2,1.571
189.8,12077,2.698,3.23,0.316,1.249
190.21,12077,2.767,3.363,0.316,1.249
190.61,12077,2.896,3.428,0.447,0.464
191.02,12077,3.046,3.51,0.361,0.588
191.43,12077,3.144,3.644,0.447,1.107
191.83,12077,3.231,3.812,0.361,0.983
192.24,12077,3.344,3.917,0.361,0.588
192.65,12077,3.48,3.943,0.539,0.381
193.05,12077,3.691,4.034,0.583,0.54
193.46,12077,3.892,4.2,0.707,0.785
193.86,12077,4.116,4.369,0.583,0.54
194.27,12077,4.351,4.43,0.608,0.165
194.68,12077,4.562,4.538,0.5,0.644
195.08,12077,4.631,4.71,3.257,-2.83
195.49,12077,4.798,4.989,0.721,0.983
195.9,12077,4.954,5.256,0.64,0.896
196.3,12077,5.041,5.53,0.632,1.249
196.71,12077,5.06,5.747,0.4,1.571
197.11,12077,5.136,5.916,0.583,1.03
197.52,12077,5.202,6.08,0.3,1.571
197.93,12077,5.23,6.173,0.316,1.893
198.33,12077,5.203,6.346,0.412,1.816
198.74,12077,5.132,6.54,0.412,1.816
199.15,12077,5.141,6.759,0.5,1.571
199.55,12077,5.145,6.99,0.412,1.816
212.97,12078,4.47,7.546,0.7,-1.571
213.37,12078,4.428,7.162,1.118,-1.751
213.77,12078,4.343,6.796,1.077,-1.951
214.18,12078,4.264,6.378,1.1,-1.571
214.58,12078,4.233,5.921,0.806,-1.695
214.99,12078,4.15,5.51,1.237,-1.816
215.4,12078,4.038,5.008,1.217,-1.736
215.8,12078,3.945,4.58,0.949,-1.893
216.21,12078,3.827,4.156,1.02,-1.768
216.61,12078,3.728,3.738,1.237,-1.816
217.02,12078,3.604,3.296,1.14,-1.837
217.43,12078,3.512,2.862,1.02,-1.768
217.83,12078,3.458,2.392,1.02,-1.768
218.24,12078,3.374,1.974,1.14,-1.837
218.65,12078,3.31,1.531,1.204,-1.654
219.05,12078,3.22,1.083,1.14,-1.837
219.46,12078,3.14,0.617,1.105,-1.661
219.86,12078,3.056,0.204,1.14,-1.837
220.27,12078,2.934,-0.23,1.02,-1.768
220.68,12078,2.869,-0.662,0.949,-1.893
221.08,12078,2.754,-1.07,0.985,-1.989
221.49,12078,2.609,-1.423,0.854,-1.93
232.84,12079,2.344,-1.629,0.894,2.034
233.24,12079,2.252,-1.346,0.825,1.816
233.65,12079,2.177,-0.983,0.949,1.893
234.05,12079,2.011,-0.619,1.17,1.92
234.46,12079,1.864,-0.255,1.044,1.862
234.86,12079,1.695,0.13,1.082,2.159
235.27,12079,1.42,0.558,1.17,1.92
235.68,12079,1.247,1.011,1.3,1.966
236.08,12079,1.014,1.397,1.14,2.232
236.49,12079,0.77,1.793,1.166,2.111
236.9,12079,0.539,2.204,1.166,2.111
237.3,12079,0.267,2.65,1.523,1.976
241.74,12080,0.083,3.077,0.141,-0.785
242.15,12080,0.169,3.097,0.283,0.785
242.55,12080,0.25,3.238,0.447,1.107
242.96,12080,0.324,3.38,0.424,0.785
243.36,12080,0.448,3.481,0.5,0.644
243.77,12080,0.635,3.617,0.707,0.785
244.18,12080,0.844,3.826,0.849,0.785
244.58,12080,1.078,4.061,0.922,0.709
244.99,12080,1.389,4.224,1.03,0.507
245.4,12080,1.732,4.468,1.063,0.719
245.8,12080,2.037,4.746,1.14,0.661
246.21,12080,2.387,5.02,1.14,0.661
246.61,12080,2.683,5.305,0.922,0.862
247.02,12080,2.966,5.629,1.273,0.785
247.43,12080,3.327,5.935,1.221,0.611
247.83,12080,3.606,6.276,0.943,1.012
248.24,12080,3.826,6.603,0.849,0.785
248.65,12080,4.053,6.866,0.781,0.695
249.05,12080,4.185,7.089,0.447,1.107
249.46,12080,4.261,7.428,1.077,1.19
0.02,12082,0.223,-0.132,0.224,2.034
0.43,12082,0.222,0.006,0.4,1.571
0.84,12082,0.215,0.108,0.2,1.571
1.24,12082,0.216,0.12,0.224,-0.464
1.65,12082,0.242,0.085,0.1,-1.571
2.06,12082,0.24,0.11,0.1,1.571
2.47,12082,0.242,0.132,0.1,1.571
2.88,12082,0.243,0.144,0.1,1.571
3.29,12082,0.214,0.154,0.316,2.82
3.7,12082,0.144,0.133,0.224,-1.107
4.11,12082,0.175,0.08,0.1,0.0
4.52,12082,0.166,0.09,0.141,-2.356
4.92,12082,0.17,0.072,0.224,0.464
5.32,12082,0.198,0.099,0.0,0.0
5.73,12082,0.199,0.103,0.0,0.0
6.14,12082,0.2,0.107,0.0,0.0
6.54,12082,0.202,0.106,0.0,0.0
6.94,12082,0.196,0.105,0.0,0.0
7.35,12082,0.196,0.112,0.1,1.571
7.75,12082,0.193,0.118,0.0,0.0
8.15,12082,0.2,0.127,0.2,0.0
8.55,12082,0.234,0.135,0.141,-0.785
8.96,12082,0.257,0.078,0.1,-1.571
9.37,12082,0.229,0.031,0.2,3.142
9.77,12082,0.174,0.047,0.224,2.678
10.17,12082,0.148,0.053,0.1,-1.571
10.57,12082,0.176,0.033,0.0,0.0
10.97,12082,0.183,0.069,0.141,2.356
11.38,12082,0.094,0.075,0.316,-2.82
11.79,12082,0.069,0.09,0.3,1.571
12.19,12082,0.006,0.254,0.539,1.951
12.59,12082,-0.112,0.445,0.781,2.266
12.99,12082,-0.283,0.733,0.894,2.034
13.39,12082,-0.365,1.109,0.922,1.789
13.8,12082,-0.462,1.45,0.894,2.034
14.21,12082,-0.612,1.78,0.949,1.893
14.62,12082,-0.728,2.148,0.762,1.976
15.02,12082,-0.869,2.369,0.64,2.246
15.42,12082,-0.996,2.51,0.224,2.034
15.82,12082,-1.026,2.558,0.0,0.0
16.23,12082,-1.024,2.558,0.0,0.0
16.64,12082,-1.006,2.541,0.2,0.0
17.05,12082,-1.008,2.471,0.141,-2.356
17.46,12082,-1.008,2.429,0.316,-1.249
17.87,12082,-0.906,2.287,0.583,-1.03
18.28,12082,-0.704,2.077,0.721,-0.588
18.69,12082,-0.402,1.925,0.894,-0.464
19.1,12082,-0.061,1.724,1.082,-0.588
19.51,12082,0.336,1.485,1.208,-0.427
19.92,12082,0.771,1.355,1.14,-0.266
20.33,12082,1.208,1.249,1.02,-0.197
20.73,12082,1.508,1.219,0.762,0.405
21.14,12082,1.928,1.256,1.005,-0.1
21.55,12082,2.326,1.137,1.118,-0.18
21.96,12082,2.754,1.051,1.005,-0.1
22.37,12082,3.044,0.941,0.64,-0.675
22.78,12082,3.263,0.806,0.539,-0.381
23.19,12082,3.399,0.801,0.224,0.464
23.6,12082,3.428,0.808,0.0,0.0
24.01,12082,3.419,0.79,0.2,-1.571
24.42,12082,3.348,0.654,0.566,-2.356
24.83,12082,3.158,0.449,0.781,-2.447
25.23,12082,2.932,0.164,0.894,-2.034
25.64,12082,2.71,-0.127,1.063,-2.423
26.05,12082,2.496,-0.451,0.922,-1.789
26.46,12082,2.326,-0.849,1.0,-2.214
26.87,12082,2.086,-1.193,1.14,-2.232
27.28,12082,1.905,-1.556,0.949,-1.893
27.69,12082,1.803,-1.915,0.825,-1.816
29.76,12083,1.605,-2.493,0.412,-2.897
31.33,12084,0.547,-2.613,0.906,3.031
31.73,12084,0.161,-2.564,1.005,3.042
32.13,12084,-0.249,-2.479,1.044,2.85
32.54,12084,-0.671,-2.329,1.17,2.793
32.95,12084,-1.113,-2.253,1.105,3.051
33.36,12084,-1.595,-2.196,1.315,2.989
33.77,12084,-2.081,-2.165,1.1,3.142
34.18,12084,-2.511,-2.172,1.1,3.142
34.59,12084,-2.987,-2.14,1.2,3.142
35.0,12084,-3.454,-2.181,1.53,-2.944
35.41,12084,-3.932,-2.255,1.005,-3.042
40.11,12085,-4.378,-1.921,0.943,0.559
40.52,12085,-4.042,-1.706,0.922,0.709
40.93,12085,-3.711,-1.444,1.0,0.644
41.34,12085,-3.349,-1.226,1.082,0.588
41.75,12085,-3.011,-0.981,1.082,0.588
42.16,12085,-2.637,-0.749,1.03,0.507
42.56,12085,-2.282,-0.54,1.0,0.644
42.97,12085,-1.975,-0.258,1.131,0.785
43.38,12085,-1.641,0.01,1.082,0.588
43.79,12085,-1.3,0.264,1.063,0.719
44.2,12085,-0.962,0.513,1.03,0.507
44.61,12085,-0.585,0.729,1.082,0.588
45.02,12085,-0.229,1.007,1.131,0.785
45.43,12085,0.109,1.313,1.0,0.644
45.84,12085,0.399,1.569,0.922,0.862
46.25,12085,0.639,1.868,1.0,0.927
46.66,12085,0.967,2.097,1.077,0.381
47.06,12085,1.273,2.22,0.583,0.54
47.47,12085,1.338,2.276,0.0,0.0
47.88,12085,1.246,2.353,0.583,2.601
48.29,12085,1.111,2.588,0.806,1.695
48.7,12085,1.083,2.898,0.7,1.571
49.11,12085,1.119,3.254,1.044,1.279
49.52,12085,1.359,3.589,1.14,0.661
49.93,12085,1.707,3.889,1.063,0.719
50.34,12085,2.076,4.191,1.221,0.611
50.75,12085,2.458,4.381,1.077,0.381
51.16,12085,2.815,4.603,1.082,0.588
51.56,12085,3.17,4.858,1.082,0.588
51.97,12085,3.538,5.113,1.063,0.719
52.38,12085,3.862,5.396,1.063,0.719
52.79,12085,4.216,5.593,0.825,-0.245
53.2,12085,4.545,5.683,0.854,0.359
53.61,12085,4.821,5.718,0.7,0.0
54.02,12085,5.036,5.619,0.671,-0.464
54.43,12085,5.154,5.524,0.224,-1.107
54.84,12085,5.159,5.514,0.0,0.0
55.25,12085,5.138,5.531,0.224,2.678
55.66,12085,5.087,5.602,0.283,2.356
56.06,12085,5.123,5.692,0.825,1.326
56.47,12085,5.19,6.019,0.9,1.571
56.88,12085,5.083,6.416,0.943,2.129
57.29,12085,4.96,6.802,0.825,1.816
57.7,12085,4.872,7.067,0.5,2.498
58.11,12085,4.722,7.222,0.361,2.159
77.54,12086,5.769,3.228,1.166,-2.601
77.95,12086,5.316,3.013,1.265,-2.82
78.36,12086,4.838,2.834,1.487,-2.799
78.76,12086,4.383,2.647,1.265,-2.82
79.17,12086,3.902,2.518,1.237,-2.897
79.58,12086,3.448,2.35,1.208,-2.715
79.98,12086,3.009,2.218,1.005,-3.042
80.39,12086,2.579,2.139,1.077,-2.761
80.79,12086,2.239,1.918,1.0,-2.498
81.2,12086,1.967,1.702,0.781,-2.447
81.61,12086,1.786,1.509,0.583,-2.111
82.01,12086,1.68,1.335,0.447,-2.034
82.42,12086,1.656,1.261,0.1,-1.571
82.83,12086,1.675,1.267,0.0,0.0
83.23,12086,1.624,1.26,0.3,3.142
83.64,12086,1.442,1.273,0.762,2.737
84.04,12086,1.216,1.331,0.6,3.142
84.45,12086,0.888,1.325,0.707,3.0
84.86,12086,0.559,1.419,0.922,2.923
85.26,12086,0.179,1.448,0.922,-2.923
85.67,12086,-0.174,1.272,0.894,-2.678
86.08,12086,-0.572,1.081,1.253,-2.642
86.48,12086,-0.921,0.833,0.99,-2.356
86.89,12086,-1.244,0.549,1.0,-2.498
87.29,12086,-1.596,0.285,1.063,-2.423
87.7,12086,-1.911,-0.043,1.063,-2.29
88.11,12086,-2.23,-0.376,1.063,-2.423
88.51,12086,-2.557,-0.713,1.14,-2.232
88.92,12086,-2.823,-1.16,1.281,-2.246
89.33,12086,-3.146,-1.498,1.204,-2.297
89.73,12086,-3.402,-1.88,1.17,-1.92
90.14,12086,-3.608,-2.32,1.253,-2.07
90.54,12086,-3.845,-2.737,1.253,-2.07
90.95,12086,-4.015,-3.212,1.265,-1.893
91.36,12086,-4.247,-3.634,1.14,-2.232
91.76,12086,-4.491,-4.014,1.03,-2.078
92.17,12086,-4.707,-4.421,1.082,-2.159
97.73,12087,-4.759,-4.49,1.844,0.709
98.14,12087,-4.521,-4.279,1.082,0.983
98.54,12087,-4.247,-3.968,1.0,0.644
98.95,12087,-3.912,-3.726,1.0,0.644
99.36,12087,-3.636,-3.448,0.922,0.862
99.76,12087,-3.343,-3.153,1.063,0.719
100.17,12087,-3.003,-2.879,0.99,0.785
100.58,12087,-2.719,-2.582,1.131,0.785
100.98,12087,-2.395,-2.3,1.14,0.661
101.39,12087,-2.007,-2.046,1.14,0.661
101.79,12087,-1.685,-1.758,1.131,0.785
102.2,12087,-1.363,-1.487,1.0,0.644
102.61,12087,-1.032,-1.248,1.0,0.644
103.01,12087,-0.722,-1.008,0.943,0.559
103.42,12087,-0.411,-0.866,0.806,0.519
103.83,12087,-0.187,-0.698,0.566,0.785
104.23,12087,-0.094,-0.571,0.283,0.785
104.64,12087,-0.05,-0.527,0.1,0.0
105.04,12087,-0.024,-0.518,0.0,0.0
105.45,12087,-0.006,-0.515,0.141,-0.785
105.86,12087,0.009,-0.512,0.0,0.0
106.26,12087,-0.007,-0.53,0.424,-2.356
106.67,12087,-0.07,-0.567,0.0,0.0
107.08,12087,-0.072,-0.572,0.0,0.0
107.48,12087,-0.048,-0.558,0.141,0.785
107.89,12087,-0.018,-0.549,0.0,0.0
108.29,12087,-0.039,-0.561,0.0,0.0
108.7,12087,-0.078,-0.561,0.1,3.142
109.11,12087,-0.079,-0.563,0.0,0.0
109.51,12087,-0.049,-0.538,0.1,1.571
109.92,12087,-0.118,-0.511,0.0,0.0
110.33,12087,-0.08,-0.516,0.1,0.0
110.73,12087,0.005,-0.527,0.1,1.571
111.14,12087,0.077,-0.491,0.412,-0.245
111.54,12087,0.248,-0.578,0.632,-0.322
111.95,12087,0.52,-0.559,0.632,0.322
112.36,12087,0.824,-0.452,1.03,0.507
112.76,12087,1.127,-0.226,0.86,0.951
113.17,12087,1.354,0.098,1.14,0.91
113.58,12087,1.667,0.505,1.304,1.004
113.98,12087,1.887,0.98,1.36,1.272
114.39,12087,2.133,1.472,1.389,1.043
114.79,12087,2.358,1.958,1.14,1.305
115.2,12087,2.502,2.433,1.3,1.176
115.61,12087,2.753,2.968,1.487,1.228
116.01,12087,2.93,3.463,1.36,1.272
116.42,12087,3.125,3.865,1.0,0.927
116.83,12087,3.331,4.323,1.265,1.249
117.23,12087,3.483,4.804,1.208,1.144
117.64,12087,3.716,5.26,1.265,1.249
118.04,12087,3.887,5.662,1.334,1.344
118.45,12087,4.105,6.104,1.221,0.96
118.86,12087,4.338,6.471,0.894,1.107
135.05,12088,-0.785,2.703,0.316,-1.893
135.46,12088,-0.834,2.62,0.361,-2.554
135.86,12088,-0.986,2.456,0.762,-1.976
136.27,12088,-0.977,2.142,0.854,-1.212
136.68,12088,-0.848,1.781,1.02,-1.373
137.08,12088,-0.73,1.34,1.17,-1.222
137.49,12088,-0.516,0.914,1.166,-1.03
137.9,12088,-0.364,0.492,1.044,-1.279
138.3,12088,-0.123,0.068,1.221,-0.96
138.71,12088,0.184,-0.334,1.166,-1.03
139.11,12088,0.436,-0.75,1.204,-0.844
139.52,12088,0.737,-1.105,1.063,-0.852
139.93,12088,0.999,-1.437,0.943,-1.012
140.33,12088,1.199,-1.776,0.943,-1.012
140.74,12088,1.42,-2.087,0.894,-1.107
141.15,12088,1.511,-2.326,0.51,-1.373
141.55,12088,1.539,-2.454,0.1,-1.571
141.96,12088,1.563,-2.489,0.141,-0.785
142.36,12088,1.587,-2.48,0.141,0.785
143.25,12089,1.6,-2.552,0.224,-2.678
144.74,12090,1.162,-2.446,0.721,2.159
145.15,12090,0.981,-2.214,0.721,2.159
145.55,12090,0.922,-1.902,0.906,1.681
145.96,12090,0.849,-1.568,0.854,1.93
146.36,12090,0.673,-1.271,1.03,2.078
146.77,12090,0.515,-0.935,0.985,1.989
147.18,12090,0.326,-0.617,0.86,2.191
147.58,12090,0.107,-0.326,0.894,2.034
147.99,12090,-0.052,0.009,0.949,1.893
148.4,12090,-0.202,0.361,0.894,2.034
148.8,12090,-0.36,0.703,0.906,1.681
149.21,12090,-0.401,1.064,0.806,1.695
149.61,12090,-0.471,1.402,0.854,1.93
150.02,12090,-0.547,1.765,0.9,1.571
150.43,12090,-0.537,2.089,0.8,1.571
150.83,12090,-0.583,2.342,0.608,1.736
151.24,12090,-0.614,2.486,0.2,1.571
151.65,12090,-0.598,2.554,0.141,0.785
152.05,12090,-0.593,2.584,0.0,0.0
152.46,12090,-0.583,2.595,0.0,0.0
152.86,12090,-0.563,2.605,0.1,1.571
153.27,12090,-0.579,2.647,0.224,2.034
153.68,12090,-0.64,2.688,0.141,-2.356
154.08,12090,-0.59,2.647,0.316,-0.322
154.49,12090,-0.506,2.561,0.447,-0.464
154.9,12090,-0.439,2.561,0.1,0.0
155.3,12090,-0.424,2.579,0.224,-0.464
155.71,12090,-0.396,2.466,0.412,-1.326
156.11,12090,-0.316,2.242,0.762,-1.166
156.52,12090,-0.249,1.921,0.922,-1.789
156.93,12090,-0.418,1.566,1.03,-2.078
157.33,12090,-0.56,1.179,1.118,-1.751
157.74,12090,-0.792,0.809,1.131,-2.356
158.15,12090,-1.103,0.481,1.063,-2.29
158.55,12090,-1.376,0.104,1.204,-2.297
158.96,12090,-1.714,-0.248,1.273,-2.356
159.36,12090,-1.994,-0.617,1.208,-1.997
159.77,12090,-2.223,-1.055,1.221,-2.182
160.18,12090,-2.497,-1.493,1.253,-2.07
160.58,12090,-2.716,-1.951,1.17,-1.92
160.99,12090,-2.966,-2.354,1.14,-2.232
161.4,12090,-3.245,-2.716,1.166,-2.111
161.8,12090,-3.536,-3.125,1.204,-2.297
162.21,12090,-3.883,-3.483,1.14,-2.232
162.61,12090,-4.101,-3.868,1.118,-2.034
163.02,12090,-4.324,-4.281,0.985,-1.989
169.18,12091,-4.76,-4.5,0.849,0.785
169.58,12091,-4.49,-4.361,1.044,0.291
169.99,12091,-4.091,-4.174,1.03,0.507
170.4,12091,-3.736,-3.945,1.342,0.464
170.8,12091,-3.344,-3.771,1.077,0.381
171.21,12091,-2.959,-3.567,1.082,0.588
171.61,12091,-2.598,-3.329,1.082,0.588
172.02,12091,-2.207,-3.107,1.082,0.588
172.43,12091,-1.881,-2.822,0.99,0.785
172.83,12091,-1.562,-2.551,1.0,0.644
173.24,12091,-1.231,-2.259,1.063,0.852
173.65,12091,-0.92,-1.94,1.131,0.785
174.05,12091,-0.554,-1.687,1.082,0.588
174.46,12091,-0.204,-1.466,1.0,0.644
174.86,12091,0.146,-1.23,0.985,0.418
175.27,12091,0.543,-1.119,1.02,0.197
175.68,12091,0.935,-0.997,1.044,0.291
176.08,12091,1.383,-0.972,1.14,-0.266
176.49,12091,1.773,-1.069,0.922,-0.219
176.9,12091,2.132,-1.137,0.906,-0.111
177.3,12091,2.445,-1.261,0.806,-0.519
177.71,12091,2.704,-1.367,0.632,-0.322
178.11,12091,2.919,-1.411,0.4,0.0
178.52,12091,3.043,-1.449,0.2,-1.571
178.93,12091,3.06,-1.479,0.1,-1.571
179.33,12091,3.053,-1.493,0.0,0.0
179.74,12091,3.057,-1.493,0.1,3.142
180.15,12091,3.054,-1.496,0.0,0.0
180.55,12091,3.037,-1.484,0.0,0.0
180.96,12091,2.997,-1.487,0.141,-2.356
181.36,12091,2.98,-1.568,0.3,-1.571
181.77,12091,2.918,-1.649,0.2,3.142
182.18,12091,2.851,-1.544,0.447,2.034
182.58,12091,2.739,-1.318,0.721,2.159
182.99,12091,2.546,-1.037,0.943,2.129
183.4,12091,2.43,-0.679,1.02,1.768
183.8,12091,2.403,-0.306,1.005,1.67
184.21,12091,2.454,0.11,1.03,1.064
184.61,12091,2.709,0.386,1.063,0.719
185.02,12091,2.971,0.758,1.166,1.03
185.43,12091,3.235,1.16,1.14,0.91
185.83,12091,3.496,1.546,1.118,1.107
186.24,12091,3.693,1.969,1.118,1.107
186.65,12091,3.921,2.361,1.082,0.983
187.05,12091,4.098,2.759,1.044,1.279
187.46,12091,4.253,3.172,0.985,1.153
187.86,12091,4.457,3.559,1.077,1.19
188.27,12091,4.569,3.975,1.02,1.373
188.68,12091,4.686,4.401,1.077,1.19
189.08,12091,4.791,4.823,1.005,1.471
189.49,12091,4.85,5.264,1.02,1.373
189.9,12091,4.94,5.653,0.922,1.352
190.3,12091,4.977,6.022,0.9,1.571
190.71,12091,5.057,6.397,1.14,1.305
191.11,12091,5.141,6.604,0.412,1.326
191.52,12091,5.157,6.817,0.608,1.736
197.75,12092,4.714,7.266,0.671,-2.678
198.15,12092,4.47,7.089,0.806,-2.09
198.55,12092,4.409,6.791,0.806,-1.695
198.96,12092,4.349,6.536,0.8,-1.571
199.36,12092,4.335,6.216,0.8,-1.571
199.77,12092,4.411,5.901,0.728,-1.292
200.18,12092,4.436,5.596,0.825,-1.816
200.59,12092,4.397,5.187,1.574,-1.437
200.99,12092,4.34,4.856,0.949,-1.893
201.4,12092,4.164,4.52,0.943,-2.129
201.8,12092,3.988,4.207,0.894,-2.034
202.21,12092,3.822,3.88,0.894,-2.034
202.61,12092,3.619,3.583,0.943,-2.129
203.02,12092,3.426,3.252,0.894,-2.034
203.43,12092,3.207,2.916,0.922,-2.279
203.83,12092,2.961,2.615,0.943,-2.129
204.24,12092,2.75,2.291,0.943,-2.129
204.65,12092,2.509,2.001,0.849,-2.356
205.05,12092,2.28,1.749,0.707,-2.356
205.46,12092,2.028,1.534,0.781,-2.447
205.86,12092,1.804,1.397,0.539,-2.761
206.27,12092,1.651,1.324,0.224,-2.678
206.68,12092,1.619,1.293,0.0,0.0
207.08,12092,1.615,1.289,0.0,0.0
207.49,12092,1.615,1.305,0.2,1.571
207.9,12092,1.599,1.287,0.1,-1.571
208.3,12092,1.625,1.217,0.361,-0.983
208.71,12092,1.775,1.146,0.51,-0.197
209.11,12092,1.966,1.047,0.781,-0.695
209.52,12092,2.22,0.891,0.728,-0.278
209.93,12092,2.541,0.875,0.8,0.0
210.33,12092,2.856,0.817,0.728,-0.278
210.74,12092,3.102,0.747,0.51,-0.197
211.15,12092,3.312,0.731,0.4,0.0
211.55,12092,3.394,0.736,0.1,0.0
211.96,12092,3.39,0.737,0.141,2.356
212.36,12092,3.366,0.752,0.141,2.356
212.77,12092,3.332,0.77,0.1,3.142
213.18,12092,3.25,0.744,0.283,-2.356
213.58,12092,3.101,0.623,0.64,-2.467
213.99,12092,2.852,0.498,0.707,-3.0
214.4,12092,2.56,0.547,0.894,2.678
214.8,12092,2.214,0.663,0.854,2.783
215.21,12092,1.862,0.814,0.943,2.583
215.61,12092,1.565,1.079,1.063,2.423
216.02,12092,1.197,1.319,1.077,2.761
216.43,12092,0.811,1.484,0.943,2.583
216.83,12092,0.517,1.716,0.922,2.433
217.24,12092,0.206,1.948,0.943,2.583
217.65,12092,-0.097,2.175,0.849,2.356
218.05,12092,-0.277,2.425,0.781,2.266
218.46,12092,-0.462,2.589,0.566,2.356
218.86,12092,-0.599,2.685,0.283,2.356
221.86,12093,-0.935,2.728,0.412,-1.816
222.27,12093,-0.865,2.527,0.671,-1.107
222.68,12093,-0.734,2.271,0.854,-1.212
223.08,12093,-0.614,1.915,0.949,-1.249
223.49,12093,-0.497,1.543,0.949,-1.249
223.9,12093,-0.433,1.16,1.0,-1.571
224.3,12093,-0.402,0.74,0.949,-1.249
224.71,12093,-0.22,0.418,0.943,-1.012
225.11,12093,-0.046,0.107,0.894,-1.107
225.52,12093,0.157,-0.169,0.849,-0.785
225.93,12093,0.413,-0.482,1.082,-0.983
226.33,12093,0.564,-0.849,0.949,-1.249
226.74,12093,0.691,-1.214,0.985,-1.153
227.15,12093,0.819,-1.574,0.825,-1.326
227.55,12093,0.906,-1.904,0.854,-1.212
227.96,12093,1.06,-2.17,0.721,-0.983
228.36,12093,1.186,-2.377,0.539,-1.19
233.31,12094,1.14,-2.447,0.539,1.951
233.71,12094,1.044,-2.219,0.632,1.893
234.11,12094,0.999,-1.937,0.806,1.695
234.52,12094,0.88,-1.677,0.721,2.159
234.93,12094,0.672,-1.466,0.64,2.246
235.33,12094,0.523,-1.233,0.781,2.266
235.74,12094,0.337,-0.996,0.64,2.246
236.15,12094,0.151,-0.788,0.721,2.159
236.55,12094,0.061,-0.583,0.412,1.816
236.96,12094,0.018,-0.422,0.447,2.034
237.36,12094,-0.108,-0.249,0.64,2.246
237.77,12094,-0.222,-0.021,0.707,1.713
238.18,12094,-0.203,0.266,0.728,1.292
238.58,12094,-0.11,0.545,0.728,1.292
238.99,12094,0.067,0.841,0.849,0.785
239.4,12094,0.374,1.055,0.943,0.559
239.8,12094,0.713,1.278,0.943,0.559
240.21,12094,1.055,1.483,0.985,0.418
240.61,12094,1.421,1.633,1.0,0.644
241.02,12094,1.733,1.883,0.99,0.785
241.43,12094,2.075,2.132,0.894,0.464
241.83,12094,2.421,2.388,1.063,0.719
242.24,12094,2.739,2.691,1.204,0.727
242.65,12094,3.125,2.941,1.118,0.464
243.05,12094,3.49,3.157,1.03,0.507
243.46,12094,3.872,3.362,1.077,0.381
243.86,12094,4.277,3.496,1.077,0.381
244.27,12094,4.658,3.668,1.17,0.349
244.68,12094,5.111,3.791,1.118,0.18
245.08,12094,5.548,3.867,0.949,0.322